抓取時間,是否開放申購,產品名稱,產品代碼,ISIN_CODE,票面利率,到期日,計價幣別,申購參考報價,申購報價日,贖回參考報價,贖回報價日,配息頻率,風險報酬等級,申購資格,走勢圖連結,產品說明書連結
2026-09-25 11:29:16,國際復興開發銀行零息債券,US45905UAD63,A043,2027/07/14,ZAR,"90.46
                                            (2025/10/09)","94.17
                                            (2026/09/24)",,,3,,,連結,,https://wealth.esunbank.com/zh-tw/offshore-bond/price/chart?bondid=A043,https://wealth.esunbank.com/zh-tw/-/media/ESUNBANK/Files/Wealth/Bonds/bond_a043.pdf
2026-09-25 11:29:16,南非開發銀行零息債券I,XS0078962809,A049,2027/12/31,ZAR,"67.25
                                            (2024/04/26)","88.35
                                            (2026/09/24)",,,5,,限專業投資人,連結,,https://wealth.esunbank.com/zh-tw/offshore-bond/price/chart?bondid=A049,https://wealth.esunbank.com/zh-tw/-/media/ESUNBANK/Files/Wealth/Bonds/bond_a049.pdf
2026-09-25 11:29:16,德意志銀行零息債券I,XS0076085603,A053,2027/05/27,ZAR,"71.65
                                            (2024/04/26)","94.18
                                            (2026/09/24)",,,5,,限專業投資人,連結,,https://wealth.esunbank.com/zh-tw/offshore-bond/price/chart?bondid=A053,https://wealth.esunbank.com/zh-tw/-/media/ESUNBANK/Files/Wealth/Bonds/bond_a053.pdf
2026-09-25 11:29:16,德意志銀行或有可轉換次順位永續債券ＶＩＩ,XS1071551474,A110,無到期日,USD,"94.96
                                            (2024/04/26)","102.57
                                            (2026/09/24)",年,,5,,限專業投資人,連結,,https://wealth.esunbank.com/zh-tw/offshore-bond/price/chart?bondid=A110,https://wealth.esunbank.com/zh-tw/-/media/ESUNBANK/Files/Wealth/Bonds/bond_A110.pdf
2026-09-25 11:29:16,綠地控股集團有限公司債券ＩＩ,XS1081321595,A113,2030/07/03,USD,"24.77
                                            (2024/12/27)","15.81
                                            (2026/09/24)",半年,,5,,限OBU專業投資人,連結,,https://wealth.esunbank.com/zh-tw/offshore-bond/price/chart?bondid=A113,https://wealth.esunbank.com/zh-tw/-/media/ESUNBANK/Files/Wealth/Bonds/bond_A113.pdf
2026-09-25 11:29:16,花旗集團次順位債券Ｉ,US172967JC62,A132,2026/11/20,USD,"101.19
                                            (2026/09/14)","99.76
                                            (2026/09/24)",半年,,5,,限專業投資人,連結,,https://wealth.esunbank.com/zh-tw/offshore-bond/price/chart?bondid=A132,https://wealth.esunbank.com/zh-tw/-/media/ESUNBANK/Files/Wealth/Bonds/bond_A132.pdf
2026-09-25 11:29:16,匯豐控股公司債券ＶＩＩ,US404280AM17,A166,2042/01/14,USD,"103.78
                                            (2026/09/24)","99.83
                                            (2026/09/24)",半年,,5,,限專業投資人,連結,,https://wealth.esunbank.com/zh-tw/offshore-bond/price/chart?bondid=A166,https://wealth.esunbank.com/zh-tw/-/media/ESUNBANK/Files/Wealth/Bonds/bond_A166.pdf
2026-09-25 11:29:16,法國興業銀行或有可轉換次順位永續債券Ｖ,USF8586CRW49,A171,無到期日,USD,"102.38
                                            (2023/12/13)","99.46
                                            (2023/12/13)",半年,,5,,限專業投資人,連結,,https://wealth.esunbank.com/zh-tw/offshore-bond/price/chart?bondid=A171,https://wealth.esunbank.com/zh-tw/-/media/ESUNBANK/Files/Wealth/Bonds/bond_A171.pdf
2026-09-25 11:29:16,ＡＴ＆Ｔ公司債券Ｉ,US00206RCP55,A205,2035/05/15,USD,"92.13
                                            (2026/09/24)","89.43
                                            (2026/09/24)",半年,,4,,限專業投資人,連結,,https://wealth.esunbank.com/zh-tw/offshore-bond/price/chart?bondid=A205,https://wealth.esunbank.com/zh-tw/-/media/ESUNBANK/Files/Wealth/Bonds/bond_A205.pdf
2026-09-25 11:29:16,法國電力公司次順位永續債券ＩＩ,USF2893TAM83,A235,無到期日,USD,"101.92
                                            (2024/01/23)","99.21
                                            (2024/01/23)",半年,,5,,,連結,,https://wealth.esunbank.com/zh-tw/offshore-bond/price/chart?bondid=A235,https://wealth.esunbank.com/zh-tw/-/media/ESUNBANK/Files/Wealth/Bonds/bond_A235.pdf
2026-09-25 11:29:16,義大利電信公司債券Ｉ,US87927VAM00,A244,2034/09/30,USD,"87.90
                                            (2024/04/26)","98.85
                                            (2026/09/24)",半年,,5,,限OBU專業投資人,連結,,https://wealth.esunbank.com/zh-tw/offshore-bond/price/chart?bondid=A244,https://wealth.esunbank.com/zh-tw/-/media/ESUNBANK/Files/Wealth/Bonds/bond_A244.pdf
2026-09-25 11:29:16,ＡＴ＆Ｔ公司債券ＩＩ,US00206RBH49,A255,2042/12/15,USD,"81.47
                                            (2026/09/24)","77.25
                                            (2026/09/24)",半年,,4,,限專業投資人,連結,,https://wealth.esunbank.com/zh-tw/offshore-bond/price/chart?bondid=A255,https://wealth.esunbank.com/zh-tw/-/media/ESUNBANK/Files/Wealth/Bonds/bond_A255.pdf
2026-09-25 11:29:16,沙烏地阿拉伯王國公債ＩＩ,XS1508675417,A291,2026/10/26,USD,"99.67
                                            (2025/03/17)","99.69
                                            (2026/09/24)",半年,,2,,,連結,,https://wealth.esunbank.com/zh-tw/offshore-bond/price/chart?bondid=A291,https://wealth.esunbank.com/zh-tw/-/media/ESUNBANK/Files/Wealth/Bonds/bond_A291.PDF
2026-09-25 11:29:16,沙烏地阿拉伯王國公債ＩＩＩ,XS1508675508,A292,2046/10/26,USD,"81.55
                                            (2026/09/24)","76.32
                                            (2026/09/24)",半年,,3,,,連結,,https://wealth.esunbank.com/zh-tw/offshore-bond/price/chart?bondid=A292,https://wealth.esunbank.com/zh-tw/-/media/ESUNBANK/Files/Wealth/Bonds/bond_A292.PDF
2026-09-25 11:29:16,日本第一生命保險公司次順位永續債券Ｉ,USJ09748AD66,A301,無到期日,USD,"98.39
                                            (2024/04/26)","99.47
                                            (2026/06/03)",半年,,5,,限專業投資人,連結,,https://wealth.esunbank.com/zh-tw/offshore-bond/price/chart?bondid=A301,https://wealth.esunbank.com/zh-tw/-/media/ESUNBANK/Files/Wealth/Bonds/bond_A301.pdf
2026-09-25 11:29:16,德國商業銀行次順位債券ＩＩＩ,DE000CZ40LW5,A315,2027/03/30,EUR,"101.72
                                            (2026/09/24)","99.88
                                            (2026/09/24)",年,,5,,限專業投資人,連結,,https://wealth.esunbank.com/zh-tw/offshore-bond/price/chart?bondid=A315,https://wealth.esunbank.com/zh-tw/-/media/ESUNBANK/Files/Wealth/Bonds/bond_A315.pdf
2026-09-25 11:29:16,蘋果公司債券ＩＩ,US037833CJ77,A323,2027/02/09,USD,"100.26
                                            (2025/07/04)","99.43
                                            (2026/09/24)",半年,,2,,,連結,,https://wealth.esunbank.com/zh-tw/offshore-bond/price/chart?bondid=A323,https://wealth.esunbank.com/zh-tw/-/media/ESUNBANK/Files/Wealth/Bonds/bond_A323.pdf
2026-09-25 11:29:16,蘋果公司債券ＩＩＩ,US037833BW97,A324,2036/02/23,USD,"96.81
                                            (2026/09/24)","93.85
                                            (2026/09/24)",半年,,3,,,連結,,https://wealth.esunbank.com/zh-tw/offshore-bond/price/chart?bondid=A324,https://wealth.esunbank.com/zh-tw/-/media/ESUNBANK/Files/Wealth/Bonds/bond_A324.pdf
2026-09-25 11:29:16,蘋果公司債券ＩＶ,US037833CH12,A325,2047/02/09,USD,"83.23
                                            (2026/09/24)","78.37
                                            (2026/09/24)",半年,,3,,,連結,,https://wealth.esunbank.com/zh-tw/offshore-bond/price/chart?bondid=A325,https://wealth.esunbank.com/zh-tw/-/media/ESUNBANK/Files/Wealth/Bonds/bond_A325.pdf
2026-09-25 11:29:16,印尼國家石油公司債券ＩＩＩ,USY7138AAD29,A327,2042/05/03,USD,"97.80
                                            (2026/09/24)","93.15
                                            (2026/09/24)",半年,,5,,限專業投資人,連結,,https://wealth.esunbank.com/zh-tw/offshore-bond/price/chart?bondid=A327,https://wealth.esunbank.com/zh-tw/-/media/ESUNBANK/Files/Wealth/Bonds/bond_A327.pdf
2026-09-25 11:29:16,印尼國家電力公司債券Ｉ,US71568QAB32,A328,2042/10/24,USD,"88.74
                                            (2026/09/24)","83.85
                                            (2026/09/24)",半年,,5,,限專業投資人,連結,,https://wealth.esunbank.com/zh-tw/offshore-bond/price/chart?bondid=A328,https://wealth.esunbank.com/zh-tw/-/media/ESUNBANK/Files/Wealth/Bonds/bond_A328.pdf
2026-09-25 11:29:16,淡水河谷公司債券Ｉ,US91912EAA38,A343,2042/09/11,USD,"97.52
                                            (2026/09/24)","92.69
                                            (2026/09/24)",半年,,5,,限專業投資人,連結,,https://wealth.esunbank.com/zh-tw/offshore-bond/price/chart?bondid=A343,https://wealth.esunbank.com/zh-tw/-/media/ESUNBANK/Files/Wealth/Bonds/bond_A343.pdf
2026-09-25 11:29:16,歐洲投資銀行債券ＩＸ,XS0773669972,A347,2032/06/01,SEK,"102.96
                                            (2026/09/24)","100.27
                                            (2026/09/24)",年,,3,,,連結,,https://wealth.esunbank.com/zh-tw/offshore-bond/price/chart?bondid=A347,https://wealth.esunbank.com/zh-tw/-/media/ESUNBANK/Files/Wealth/Bonds/bond_A347.pdf
2026-09-25 11:29:16,固特異公司債券Ｉ,US382550BG56,A351,2027/03/15,USD,"101.87
                                            (2026/07/23)","99.29
                                            (2026/09/24)",半年,,5,,限OBU專業投資人,連結,,https://wealth.esunbank.com/zh-tw/offshore-bond/price/chart?bondid=A351,https://wealth.esunbank.com/zh-tw/-/media/ESUNBANK/Files/Wealth/Bonds/bond_A351.pdf
2026-09-25 11:29:16,威瑞森電信公司債券ＩＩＩ,AU3CB0246239,A357,2027/08/17,AUD,"100.27
                                            (2024/04/26)","98.94
                                            (2026/09/24)",半年,,4,,,連結,,https://wealth.esunbank.com/zh-tw/offshore-bond/price/chart?bondid=A357,https://wealth.esunbank.com/zh-tw/-/media/ESUNBANK/Files/Wealth/Bonds/bond_A357.pdf
2026-09-25 11:29:16,歐洲復興開發銀行零息債券ＩＩＩ,XS0076593267,A359,2027/06/17,ZAR,"93.31
                                            (2026/03/06)","94.63
                                            (2026/09/24)",,,3,,,連結,,https://wealth.esunbank.com/zh-tw/offshore-bond/price/chart?bondid=A359,https://wealth.esunbank.com/zh-tw/-/media/ESUNBANK/Files/Wealth/Bonds/bond_A359.pdf
2026-09-25 11:29:16,歐洲投資銀行債券Ｘ,XS1167524922,A361,2026/12/21,ZAR,"102.87
                                            (2025/06/02)","99.91
                                            (2026/09/24)",年,,3,,,連結,,https://wealth.esunbank.com/zh-tw/offshore-bond/price/chart?bondid=A361,https://wealth.esunbank.com/zh-tw/-/media/ESUNBANK/Files/Wealth/Bonds/bond_A361.pdf
2026-09-25 11:29:16,高通公司債券Ｉ,US747525AV54,A363,2047/05/20,USD,"81.53
                                            (2026/09/24)","76.76
                                            (2026/09/24)",半年,,3,,,連結,,https://wealth.esunbank.com/zh-tw/offshore-bond/price/chart?bondid=A363,https://wealth.esunbank.com/zh-tw/-/media/ESUNBANK/Files/Wealth/Bonds/bond_A363.pdf
2026-09-25 11:29:16,康卡斯特公司債券Ｉ,US20030NBZ33,A364,2047/08/15,USD,"71.47
                                            (2026/09/24)","66.22
                                            (2026/09/24)",半年,,3,,,連結,,https://wealth.esunbank.com/zh-tw/offshore-bond/price/chart?bondid=A364,https://wealth.esunbank.com/zh-tw/-/media/ESUNBANK/Files/Wealth/Bonds/bond_A364.pdf
2026-09-25 11:29:16,康卡斯特公司債券ＩＩ,US20030NBT72,A365,2036/07/15,USD,"81.08
                                            (2026/09/24)","77.80
                                            (2026/09/24)",半年,,3,,,連結,,https://wealth.esunbank.com/zh-tw/offshore-bond/price/chart?bondid=A365,https://wealth.esunbank.com/zh-tw/-/media/ESUNBANK/Files/Wealth/Bonds/bond_A365.pdf
2026-09-25 11:29:16,軟體銀行集團債券Ｖ,XS1684384867,A367,2027/09/19,USD,"100.44
                                            (2026/09/24)","98.79
                                            (2026/09/24)",半年,,5,,限專業投資人,連結,,https://wealth.esunbank.com/zh-tw/offshore-bond/price/chart?bondid=A367,https://wealth.esunbank.com/zh-tw/-/media/ESUNBANK/Files/Wealth/Bonds/bond_A367.pdf
2026-09-25 11:29:16,美國運通公司債券Ｉ,US025816BF52,A370,2042/12/03,USD,"83.02
                                            (2026/09/24)","78.91
                                            (2026/09/24)",半年,,3,,,連結,,https://wealth.esunbank.com/zh-tw/offshore-bond/price/chart?bondid=A370,https://wealth.esunbank.com/zh-tw/-/media/ESUNBANK/Files/Wealth/Bonds/bond_A370.pdf
2026-09-25 11:29:16,澳洲聯邦銀行次順位債券ＩＩ,USQ2693DBV21,A379,2048/01/10,USD,"80.74
                                            (2024/04/26)","75.20
                                            (2026/09/24)",半年,,5,,限專業投資人,連結,,https://wealth.esunbank.com/zh-tw/offshore-bond/price/chart?bondid=A379,https://wealth.esunbank.com/zh-tw/-/media/ESUNBANK/Files/Wealth/Bonds/bond_A379.pdf
2026-09-25 11:29:16,軟體銀行集團債券ＶＩ,XS1793255198,A382,2028/04/15,USD,"101.27
                                            (2026/09/24)","99.30
                                            (2026/09/24)",半年,,5,,限專業投資人,連結,,https://wealth.esunbank.com/zh-tw/offshore-bond/price/chart?bondid=A382,https://wealth.esunbank.com/zh-tw/-/media/ESUNBANK/Files/Wealth/Bonds/bond_A382.pdf
2026-09-25 11:29:16,阿聯猶杜拜國民銀行債券ＩＶ,AU3CB0250512,A385,2028/02/09,AUD,"100.80
                                            (2026/03/06)","97.85
                                            (2026/09/24)",半年,,4,,限專業投資人,連結,,https://wealth.esunbank.com/zh-tw/offshore-bond/price/chart?bondid=A385,https://wealth.esunbank.com/zh-tw/-/media/ESUNBANK/Files/Wealth/Bonds/bond_A385.pdf
2026-09-25 11:29:16,匯豐控股或有可轉換次順位永續債券ＸＩ,US404280BL25,A389,無到期日,USD,"98.38
                                            (2024/04/26)","99.58
                                            (2026/09/24)",半年,,5,,限專業投資人,連結,,https://wealth.esunbank.com/zh-tw/offshore-bond/price/chart?bondid=A389,https://wealth.esunbank.com/zh-tw/-/media/ESUNBANK/Files/Wealth/Bonds/bond_A389.pdf
2026-09-25 11:29:16,墨西哥石油公司債券ＩＶ,US71654QCG55,A390,2027/03/13,USD,"95.67
                                            (2024/04/26)","100.16
                                            (2026/09/24)",半年,,5,,限專業投資人,連結,,https://wealth.esunbank.com/zh-tw/offshore-bond/price/chart?bondid=A390,https://wealth.esunbank.com/zh-tw/-/media/ESUNBANK/Files/Wealth/Bonds/bond_A390.pdf
2026-09-25 11:29:16,匯豐控股債券Ｘ,US404280BK42,A391,2028/03/13,USD,"97.45
                                            (2024/04/26)","99.36
                                            (2026/09/24)",半年,,5,,限專業投資人,連結,,https://wealth.esunbank.com/zh-tw/offshore-bond/price/chart?bondid=A391,https://wealth.esunbank.com/zh-tw/-/media/ESUNBANK/Files/Wealth/Bonds/bond_A391.pdf
2026-09-25 11:29:16,瑞銀集團債券ＩＩ,USH4209UAC02,A392,2028/03/23,USD,"100.10
                                            (2026/09/24)","98.66
                                            (2026/09/24)",半年,,5,,限專業投資人,連結,,https://wealth.esunbank.com/zh-tw/offshore-bond/price/chart?bondid=A392,https://wealth.esunbank.com/zh-tw/-/media/ESUNBANK/Files/Wealth/Bonds/bond_A392.pdf
2026-09-25 11:29:16,亞馬遜公司債券ＩＩＩ,US023135BJ40,A393,2047/08/22,USD,"77.32
                                            (2026/09/24)","72.49
                                            (2026/09/24)",半年,,3,,,連結,,https://wealth.esunbank.com/zh-tw/offshore-bond/price/chart?bondid=A393,https://wealth.esunbank.com/zh-tw/-/media/ESUNBANK/Files/Wealth/Bonds/bond_A393.pdf
2026-09-25 11:29:16,亞馬遜公司債券ＩＶ,US023135BF28,A394,2037/08/22,USD,"86.95
                                            (2026/09/24)","83.76
                                            (2026/09/24)",半年,,3,,,連結,,https://wealth.esunbank.com/zh-tw/offshore-bond/price/chart?bondid=A394,https://wealth.esunbank.com/zh-tw/-/media/ESUNBANK/Files/Wealth/Bonds/bond_A394.pdf
2026-09-25 11:29:16,卡夫亨氏食品公司債券Ｉ,US50077LAT35,A398,2029/01/30,USD,"100.49
                                            (2026/09/24)","98.17
                                            (2026/09/24)",半年,,4,,限專業投資人,連結,,https://wealth.esunbank.com/zh-tw/offshore-bond/price/chart?bondid=A398,https://wealth.esunbank.com/zh-tw/-/media/ESUNBANK/Files/Wealth/Bonds/bond_A398.pdf
2026-09-25 11:29:16,富國銀行次順位債券ＶＩＩ,US94974BGE48,A400,2044/11/04,USD,"84.48
                                            (2026/09/24)","79.63
                                            (2026/09/24)",半年,,5,,限專業投資人,連結,,https://wealth.esunbank.com/zh-tw/offshore-bond/price/chart?bondid=A400,https://wealth.esunbank.com/zh-tw/-/media/ESUNBANK/Files/Wealth/Bonds/bond_A400.pdf
2026-09-25 11:29:16,康卡斯特公司債券ＩＩＩ,US20030NBQ34,A401,2045/08/15,USD,"80.45
                                            (2026/09/24)","75.15
                                            (2026/09/24)",半年,,3,,,連結,,https://wealth.esunbank.com/zh-tw/offshore-bond/price/chart?bondid=A401,https://wealth.esunbank.com/zh-tw/-/media/ESUNBANK/Files/Wealth/Bonds/bond_A401.pdf
2026-09-25 11:29:16,安盛公司次順位債券ＩＩ,XS1550938978,A402,2047/01/17,USD,"100.88
                                            (2024/04/26)","99.44
                                            (2026/09/24)",半年,,3,,限專業投資人,連結,,https://wealth.esunbank.com/zh-tw/offshore-bond/price/chart?bondid=A402,https://wealth.esunbank.com/zh-tw/-/media/ESUNBANK/Files/Wealth/Bonds/bond_A402.pdf
2026-09-25 11:29:16,巴西石油全球金融私人有限公司債券ＩＩ,US71647NAY58,A404,2028/01/27,USD,"102.71
                                            (2026/09/24)","100.88
                                            (2026/09/24)",半年,,5,,限專業投資人,連結,,https://wealth.esunbank.com/zh-tw/offshore-bond/price/chart?bondid=A404,https://wealth.esunbank.com/zh-tw/-/media/ESUNBANK/Files/Wealth/Bonds/bond_A404.pdf
2026-09-25 11:29:16,美商高盛證券債券ＶＩＩ,US38141GWV21,A408,2029/04/23,USD,"95.40
                                            (2024/04/26)","97.28
                                            (2026/09/24)",半年,,5,,限專業投資人,連結,,https://wealth.esunbank.com/zh-tw/offshore-bond/price/chart?bondid=A408,https://wealth.esunbank.com/zh-tw/-/media/ESUNBANK/Files/Wealth/Bonds/bond_A408.pdf
2026-09-25 11:29:16,摩根士丹利債券ＶＩ,US61744YAK47,A409,2028/07/22,USD,"96.16
                                            (2024/04/26)","98.51
                                            (2026/09/24)",半年,,5,,限專業投資人,連結,,https://wealth.esunbank.com/zh-tw/offshore-bond/price/chart?bondid=A409,https://wealth.esunbank.com/zh-tw/-/media/ESUNBANK/Files/Wealth/Bonds/bond_A409.pdf
2026-09-25 11:29:16,匯豐控股次順位債券ＸＩ,US404280AQ21,A410,2044/03/14,USD,"92.98
                                            (2026/09/24)","88.35
                                            (2026/09/24)",半年,,5,,限專業投資人,連結,,https://wealth.esunbank.com/zh-tw/offshore-bond/price/chart?bondid=A410,https://wealth.esunbank.com/zh-tw/-/media/ESUNBANK/Files/Wealth/Bonds/bond_A410.pdf
2026-09-25 11:29:16,威瑞森電信公司債券ＩＶ,US92343VBE39,A411,2041/11/01,USD,"88.37
                                            (2026/09/24)","83.80
                                            (2026/09/24)",半年,,3,,,連結,,https://wealth.esunbank.com/zh-tw/offshore-bond/price/chart?bondid=A411,https://wealth.esunbank.com/zh-tw/-/media/ESUNBANK/Files/Wealth/Bonds/bond_A411.pdf
2026-09-25 11:29:16,百事公司債券Ｉ,US713448DP06,A419,2046/10/06,USD,"74.29
                                            (2026/09/24)","69.37
                                            (2026/09/24)",半年,,3,,,連結,,https://wealth.esunbank.com/zh-tw/offshore-bond/price/chart?bondid=A419,https://wealth.esunbank.com/zh-tw/-/media/ESUNBANK/Files/Wealth/Bonds/bond_A419.pdf
2026-09-25 11:29:16,瑞士銀行公司（倫敦）債券ＩＸ,XS1925409929,A420,2029/02/15,CNY,"101.79
                                            (2025/02/21)","102.00
                                            (2026/09/24)",月,,3,,限專業投資人,連結,,https://wealth.esunbank.com/zh-tw/offshore-bond/price/chart?bondid=A420,https://wealth.esunbank.com/zh-tw/-/media/ESUNBANK/Files/Wealth/Bonds/bond_A420.pdf
2026-09-25 11:29:16,瑞士銀行公司（倫敦）債券Ｘ,XS1925406586,A421,2029/02/15,ZAR,"96.93
                                            (2025/02/21)","98.06
                                            (2026/09/23)",月,,4,,限專業投資人,連結,,https://wealth.esunbank.com/zh-tw/offshore-bond/price/chart?bondid=A421,https://wealth.esunbank.com/zh-tw/-/media/ESUNBANK/Files/Wealth/Bonds/bond_A421.pdf
2026-09-25 11:29:16,雷神科技公司債券Ｉ,US913017CX53,A422,2048/11/16,USD,"85.62
                                            (2026/09/24)","80.72
                                            (2026/09/24)",半年,,4,,限專業投資人,連結,,https://wealth.esunbank.com/zh-tw/offshore-bond/price/chart?bondid=A422,https://wealth.esunbank.com/zh-tw/-/media/ESUNBANK/Files/Wealth/Bonds/bond_A422.pdf
2026-09-25 11:29:16,ＡＴ＆Ｔ公司債券ＩＩＩ,US04650NAB01,A423,2040/09/01,USD,"94.38
                                            (2026/09/24)","89.72
                                            (2026/09/24)",半年,,4,,限專業投資人,連結,,https://wealth.esunbank.com/zh-tw/offshore-bond/price/chart?bondid=A423,https://wealth.esunbank.com/zh-tw/-/media/ESUNBANK/Files/Wealth/Bonds/bond_A423.pdf
2026-09-25 11:29:16,美國銀行次順位債券Ｉ,US06051GGC78,A424,2027/11/25,USD,"100.58
                                            (2026/09/23)","98.87
                                            (2026/09/24)",半年,,5,,限專業投資人,連結,,https://wealth.esunbank.com/zh-tw/offshore-bond/price/chart?bondid=A424,https://wealth.esunbank.com/zh-tw/-/media/ESUNBANK/Files/Wealth/Bonds/bond_A424.pdf
2026-09-25 11:29:16,鴻海子公司債券Ｉ,XS1891687300,A425,2029/03/12,USD,"99.16
                                            (2026/09/24)","97.04
                                            (2026/09/24)",半年,,3,,,連結,,https://wealth.esunbank.com/zh-tw/offshore-bond/price/chart?bondid=A425,https://wealth.esunbank.com/zh-tw/-/media/ESUNBANK/Files/Wealth/Bonds/bond_A425.pdf
2026-09-25 11:29:16,西屋制動公司債券Ｉ,US960386AM29,A428,2028/09/15,USD,"100.06
                                            (2026/09/24)","98.55
                                            (2026/09/24)",半年,,4,,限專業投資人,連結,,https://wealth.esunbank.com/zh-tw/offshore-bond/price/chart?bondid=A428,https://wealth.esunbank.com/zh-tw/-/media/ESUNBANK/Files/Wealth/Bonds/bond_A428.pdf
2026-09-25 11:29:16,福特汽車公司債券Ｉ,US345370CR99,A429,2026/12/08,USD,"101.06
                                            (2026/06/08)","99.53
                                            (2026/09/24)",半年,,4,,限專業投資人,連結,,https://wealth.esunbank.com/zh-tw/offshore-bond/price/chart?bondid=A429,https://wealth.esunbank.com/zh-tw/-/media/ESUNBANK/Files/Wealth/Bonds/bond_A429.pdf
2026-09-25 11:29:16,澳洲聯邦銀行債券ＩＩＩ,XS1807183543,A434,2028/04/18,ZAR,"107.95
                                            (2025/04/24)","98.13
                                            (2026/09/24)",年,,3,,,連結,,https://wealth.esunbank.com/zh-tw/offshore-bond/price/chart?bondid=A434,https://wealth.esunbank.com/zh-tw/-/media/ESUNBANK/Files/Wealth/Bonds/bond_A434.pdf
2026-09-25 11:29:16,ＡＴ＆Ｔ公司債券ＩＶ,US00206RJK95,A438,2044/06/01,USD,"84.05
                                            (2026/09/24)","79.01
                                            (2026/09/24)",半年,,4,,限專業投資人,連結,,https://wealth.esunbank.com/zh-tw/offshore-bond/price/chart?bondid=A438,https://wealth.esunbank.com/zh-tw/-/media/ESUNBANK/Files/Wealth/Bonds/bond_A438.PDF
2026-09-25 11:29:16,亞馬遜公司債券Ｖ,US023135BC96,A442,2027/08/22,USD,"99.70
                                            (2026/08/20)","98.45
                                            (2026/09/24)",半年,,2,,,連結,,https://wealth.esunbank.com/zh-tw/offshore-bond/price/chart?bondid=A442,https://wealth.esunbank.com/zh-tw/-/media/ESUNBANK/Files/Wealth/Bonds/bond_A442.PDF
2026-09-25 11:29:16,寶馬美國資本有限責任公司債券Ｉ,USU09513HK86,A443,2028/04/12,USD,"99.16
                                            (2026/09/24)","97.60
                                            (2026/09/24)",半年,,3,,,連結,,https://wealth.esunbank.com/zh-tw/offshore-bond/price/chart?bondid=A443,https://wealth.esunbank.com/zh-tw/-/media/ESUNBANK/Files/Wealth/Bonds/bond_A443.pdf
2026-09-25 11:29:16,摩根士丹利金融有限責任公司零息債券ＩＩ,XS1906339855,A445,2027/05/31,ZAR,"76.35
                                            (2025/02/21)","84.85
                                            (2026/09/24)",,,4,,,連結,,https://wealth.esunbank.com/zh-tw/offshore-bond/price/chart?bondid=A445,https://wealth.esunbank.com/zh-tw/-/media/ESUNBANK/Files/Wealth/Bonds/bond_A445.pdf
2026-09-25 11:29:16,卡夫亨氏食品公司債券ＩＩ,US50077LAB27,A446,2046/06/01,USD,"80.79
                                            (2026/09/24)","75.77
                                            (2026/09/24)",半年,,4,,限專業投資人,連結,,https://wealth.esunbank.com/zh-tw/offshore-bond/price/chart?bondid=A446,https://wealth.esunbank.com/zh-tw/-/media/ESUNBANK/Files/Wealth/Bonds/bond_A446.pdf
2026-09-25 11:29:16,奇異公司債券Ｉ,US369604BF92,A447,2042/10/09,USD,"96.29
                                            (2025/03/25)","79.31
                                            (2026/09/24)",半年,,3,,,連結,,https://wealth.esunbank.com/zh-tw/offshore-bond/price/chart?bondid=A447,https://wealth.esunbank.com/zh-tw/-/media/ESUNBANK/Files/Wealth/Bonds/bond_A447.pdf
2026-09-25 11:29:16,自由港麥克莫蘭銅金公司債券Ｉ,US35671DCD57,A448,2029/09/01,USD,"102.92
                                            (2025/07/15)","98.79
                                            (2026/09/24)",半年,,4,,限專業投資人,連結,,https://wealth.esunbank.com/zh-tw/offshore-bond/price/chart?bondid=A448,https://wealth.esunbank.com/zh-tw/-/media/ESUNBANK/Files/Wealth/Bonds/bond_A448.pdf
2026-09-25 11:29:16,瑞士銀行公司（倫敦）債券ＸＩ－零息債,XS2027978902,A449,2029/08/26,CNY,"86.69
                                            (2025/02/21)","92.42
                                            (2026/09/24)",,,3,,,連結,,https://wealth.esunbank.com/zh-tw/offshore-bond/price/chart?bondid=A449,https://wealth.esunbank.com/zh-tw/-/media/ESUNBANK/Files/Wealth/Bonds/bond_A449.pdf
2026-09-25 11:29:16,瑞士銀行公司（倫敦）債券ＸＩＩ－零息債,XS2027978738,A450,2034/08/26,AUD,"57.64
                                            (2025/02/21)","58.64
                                            (2026/09/24)",,,4,,,連結,,https://wealth.esunbank.com/zh-tw/offshore-bond/price/chart?bondid=A450,https://wealth.esunbank.com/zh-tw/-/media/ESUNBANK/Files/Wealth/Bonds/bond_A450.pdf
2026-09-25 11:29:16,瑞士銀行公司（倫敦）債券ＸＩＩＩ－零息債,XS2027994933,A451,2029/08/20,ZAR,"67.58
                                            (2025/02/21)","77.74
                                            (2026/09/23)",,,4,,,連結,,https://wealth.esunbank.com/zh-tw/offshore-bond/price/chart?bondid=A451,https://wealth.esunbank.com/zh-tw/-/media/ESUNBANK/Files/Wealth/Bonds/bond_A451.pdf
2026-09-25 11:29:16,瑞士銀行公司（倫敦）債券ＸＩＶ－零息債,XS2027978654,A452,2034/08/26,USD,"59.84
                                            (2025/02/21)","61.36
                                            (2026/09/24)",,,3,,,連結,,https://wealth.esunbank.com/zh-tw/offshore-bond/price/chart?bondid=A452,https://wealth.esunbank.com/zh-tw/-/media/ESUNBANK/Files/Wealth/Bonds/bond_A452.pdf
2026-09-25 11:29:16,慧與科技公司債券Ｉ,US42824CAX74,A454,2035/10/15,USD,"104.40
                                            (2026/09/24)","101.39
                                            (2026/09/24)",半年,,4,,限專業投資人,連結,,https://wealth.esunbank.com/zh-tw/offshore-bond/price/chart?bondid=A454,https://wealth.esunbank.com/zh-tw/-/media/ESUNBANK/Files/Wealth/Bonds/bond_A454.pdf
2026-09-25 11:29:16,伏得風集團債券Ｉ,US92857WBD11,A455,2043/02/19,USD,"83.26
                                            (2026/09/24)","79.00
                                            (2026/09/24)",半年,,4,,限專業投資人,連結,,https://wealth.esunbank.com/zh-tw/offshore-bond/price/chart?bondid=A455,https://wealth.esunbank.com/zh-tw/-/media/ESUNBANK/Files/Wealth/Bonds/bond_A455.pdf
2026-09-25 11:29:16,艾伯維藥品有限公司債券Ｉ,US00287YAM12,A456,2042/11/06,USD,"86.95
                                            (2026/09/24)","82.63
                                            (2026/09/24)",半年,,3,,,連結,,https://wealth.esunbank.com/zh-tw/offshore-bond/price/chart?bondid=A456,https://wealth.esunbank.com/zh-tw/-/media/ESUNBANK/Files/Wealth/Bonds/bond_A456.pdf
2026-09-25 11:29:16,巴克萊集團債券Ｖ－次順位,US06738EAW57,A457,2028/05/09,USD,"100.37
                                            (2026/09/24)","98.97
                                            (2026/09/24)",半年,,5,,限專業投資人,連結,,https://wealth.esunbank.com/zh-tw/offshore-bond/price/chart?bondid=A457,https://wealth.esunbank.com/zh-tw/-/media/ESUNBANK/Files/Wealth/Bonds/bond_A457.pdf
2026-09-25 11:29:16,巴克萊集團債券ＶＩ,US06738EAV74,A458,2047/01/10,USD,"87.94
                                            (2026/09/24)","83.14
                                            (2026/09/24)",半年,,5,,限專業投資人,連結,,https://wealth.esunbank.com/zh-tw/offshore-bond/price/chart?bondid=A458,https://wealth.esunbank.com/zh-tw/-/media/ESUNBANK/Files/Wealth/Bonds/bond_A458.pdf
2026-09-25 11:29:16,渣打集團債券Ｖ－次順位,XS1480699641,A459,2027/02/19,USD,"101.16
                                            (2026/09/24)","99.50
                                            (2026/09/24)",半年,,5,,限專業投資人,連結,,https://wealth.esunbank.com/zh-tw/offshore-bond/price/chart?bondid=A459,https://wealth.esunbank.com/zh-tw/-/media/ESUNBANK/Files/Wealth/Bonds/bond_A459.pdf
2026-09-25 11:29:16,渣打集團債券ＶＩ－次順位,XS1793294841,A460,2033/03/15,USD,"96.38
                                            (2024/04/26)","98.22
                                            (2026/09/24)",半年,,5,,限專業投資人,連結,,https://wealth.esunbank.com/zh-tw/offshore-bond/price/chart?bondid=A460,https://wealth.esunbank.com/zh-tw/-/media/ESUNBANK/Files/Wealth/Bonds/bond_A460.pdf
2026-09-25 11:29:16,印尼國家石油公司債券ＩＶ,US69370RAE71,A462,2049/07/30,USD,"81.90
                                            (2026/09/24)","76.81
                                            (2026/09/24)",半年,,5,,限專業投資人,連結,,https://wealth.esunbank.com/zh-tw/offshore-bond/price/chart?bondid=A462,https://wealth.esunbank.com/zh-tw/-/media/ESUNBANK/Files/Wealth/Bonds/bond_A462.pdf
2026-09-25 11:29:16,通用汽車公司債券Ｉ,US37045VAH33,A463,2035/04/01,USD,"94.75
                                            (2026/09/24)","91.87
                                            (2026/09/24)",半年,,4,,限專業投資人,連結,,https://wealth.esunbank.com/zh-tw/offshore-bond/price/chart?bondid=A463,https://wealth.esunbank.com/zh-tw/-/media/ESUNBANK/Files/Wealth/Bonds/bond_A463.pdf
2026-09-25 11:29:16,通用汽車公司債券ＩＩ,US37045VAJ98,A464,2045/04/01,USD,"88.21
                                            (2026/09/24)","83.35
                                            (2026/09/24)",半年,,4,,限專業投資人,連結,,https://wealth.esunbank.com/zh-tw/offshore-bond/price/chart?bondid=A464,https://wealth.esunbank.com/zh-tw/-/media/ESUNBANK/Files/Wealth/Bonds/bond_A464.pdf
2026-09-25 11:29:16,阿曼政府國際債券Ｉ,XS1750113661,A465,2028/01/17,USD,"100.77
                                            (2024/04/26)","99.83
                                            (2026/09/24)",半年,,4,,限專業投資人,連結,,https://wealth.esunbank.com/zh-tw/offshore-bond/price/chart?bondid=A465,https://wealth.esunbank.com/zh-tw/-/media/ESUNBANK/Files/Wealth/Bonds/bond_A465.pdf
2026-09-25 11:29:16,瑞士銀行公司（倫敦）債券ＸＶ,XS2086685109,A467,2029/12/17,NZD,"88.46
                                            (2025/02/21)","89.70
                                            (2026/09/24)",年,,4,,,連結,,https://wealth.esunbank.com/zh-tw/offshore-bond/price/chart?bondid=A467,https://wealth.esunbank.com/zh-tw/-/media/ESUNBANK/Files/Wealth/Bonds/bond_A467.pdf
2026-09-25 11:29:16,印尼政府國際債券ＩＩ,USY20721BE87,A468,2043/04/15,USD,"87.55
                                            (2026/09/24)","82.81
                                            (2026/09/24)",半年,,5,,限專業投資人,連結,,https://wealth.esunbank.com/zh-tw/offshore-bond/price/chart?bondid=A468,https://wealth.esunbank.com/zh-tw/-/media/ESUNBANK/Files/Wealth/Bonds/bond_A468.pdf
2026-09-25 11:29:16,墨西哥政府國際債券Ｉ,US91087BAB62,A469,2047/01/15,USD,"74.28
                                            (2026/09/24)","69.10
                                            (2026/09/24)",半年,,5,,限專業投資人,連結,,https://wealth.esunbank.com/zh-tw/offshore-bond/price/chart?bondid=A469,https://wealth.esunbank.com/zh-tw/-/media/ESUNBANK/Files/Wealth/Bonds/bond_A469.pdf
2026-09-25 11:29:16,福特汽車公司債券ＩＩ,US345370CA64,A470,2031/07/16,USD,"106.87
                                            (2026/09/24)","104.41
                                            (2026/09/24)",半年,,4,,限專業投資人,連結,,https://wealth.esunbank.com/zh-tw/offshore-bond/price/chart?bondid=A470,https://wealth.esunbank.com/zh-tw/-/media/ESUNBANK/Files/Wealth/Bonds/bond_A470.pdf
2026-09-25 11:29:16,福特汽車公司債券ＩＩＩ,US345370CS72,A471,2046/12/08,USD,"83.41
                                            (2026/09/24)","78.56
                                            (2026/09/24)",半年,,4,,限專業投資人,連結,,https://wealth.esunbank.com/zh-tw/offshore-bond/price/chart?bondid=A471,https://wealth.esunbank.com/zh-tw/-/media/ESUNBANK/Files/Wealth/Bonds/bond_A471.pdf
2026-09-25 11:29:16,惠普公司債券Ｉ,US428236BR31,A472,2041/09/15,USD,"99.31
                                            (2026/09/24)","95.03
                                            (2026/09/24)",半年,,4,,限專業投資人,連結,,https://wealth.esunbank.com/zh-tw/offshore-bond/price/chart?bondid=A472,https://wealth.esunbank.com/zh-tw/-/media/ESUNBANK/Files/Wealth/Bonds/bond_A472.pdf
2026-09-25 11:29:16,Ｍ＆Ｇ　ＰＬＣ債券Ｉ－次順位,XS1888930150,A473,2048/10/20,USD,"103.43
                                            (2024/04/26)","100.49
                                            (2026/09/24)",半年,,4,,限專業投資人,連結,,https://wealth.esunbank.com/zh-tw/offshore-bond/price/chart?bondid=A473,https://wealth.esunbank.com/zh-tw/-/media/ESUNBANK/Files/Wealth/Bonds/bond_A473.pdf
2026-09-25 11:29:16,花旗環球證券控股公司債券ＩＩＩ－零息債,XS2044958234,A475,2031/12/24,ZAR,"67.26
                                            (2026/09/23)","62.41
                                            (2026/09/23)",,,4,,,連結,,https://wealth.esunbank.com/zh-tw/offshore-bond/price/chart?bondid=A475,https://wealth.esunbank.com/zh-tw/-/media/ESUNBANK/Files/Wealth/Bonds/bond_A475.pdf
2026-09-25 11:29:16,非洲金融公司債券Ｉ,XS2072933778,A476,2029/10/30,USD,"96.51
                                            (2026/09/17)","93.40
                                            (2026/09/24)",半年,,3,,,連結,,https://wealth.esunbank.com/zh-tw/offshore-bond/price/chart?bondid=A476,https://wealth.esunbank.com/zh-tw/-/media/ESUNBANK/Files/Wealth/Bonds/bond_A476.pdf
2026-09-25 11:29:16,瑞士銀行公司（倫敦）債券ＸＶＩＩＩ,XS2129916867,A480,2030/03/25,USD,"86.24
                                            (2025/02/21)","88.26
                                            (2026/09/24)",年,,3,,限專業投資人,連結,,https://wealth.esunbank.com/zh-tw/offshore-bond/price/chart?bondid=A480,https://wealth.esunbank.com/zh-tw/-/media/ESUNBANK/Files/Wealth/Bonds/bond_A480.pdf
2026-09-25 11:29:16,微軟公司債券Ｉ,US594918BS26,A485,2036/08/08,USD,"87.68
                                            (2026/09/24)","84.51
                                            (2026/09/24)",半年,,3,,,連結,,https://wealth.esunbank.com/zh-tw/offshore-bond/price/chart?bondid=A485,https://wealth.esunbank.com/zh-tw/-/media/ESUNBANK/Files/Wealth/Bonds/bond_A485.pdf
2026-09-25 11:29:16,微軟公司債券ＩＩ,US594918BT09,A486,2046/08/08,USD,"77.76
                                            (2026/09/24)","72.80
                                            (2026/09/24)",半年,,3,,,連結,,https://wealth.esunbank.com/zh-tw/offshore-bond/price/chart?bondid=A486,https://wealth.esunbank.com/zh-tw/-/media/ESUNBANK/Files/Wealth/Bonds/bond_A486.pdf
2026-09-25 11:29:16,沃爾瑪公司債券Ｉ,US931142EP44,A487,2049/09/24,USD,"66.97
                                            (2026/09/24)","61.96
                                            (2026/09/24)",半年,,3,,,連結,,https://wealth.esunbank.com/zh-tw/offshore-bond/price/chart?bondid=A487,https://wealth.esunbank.com/zh-tw/-/media/ESUNBANK/Files/Wealth/Bonds/bond_A487.pdf
2026-09-25 11:29:16,安進公司債券Ｉ,US031162CR97,A488,2040/02/21,USD,"76.74
                                            (2026/09/24)","73.15
                                            (2026/09/24)",半年,,4,,限專業投資人,連結,,https://wealth.esunbank.com/zh-tw/offshore-bond/price/chart?bondid=A488,https://wealth.esunbank.com/zh-tw/-/media/ESUNBANK/Files/Wealth/Bonds/bond_A488.pdf
2026-09-25 11:29:16,吉利德科學公司債券Ｉ,US375558BA09,A489,2045/02/01,USD,"86.40
                                            (2026/09/24)","81.83
                                            (2026/09/24)",半年,,3,,,連結,,https://wealth.esunbank.com/zh-tw/offshore-bond/price/chart?bondid=A489,https://wealth.esunbank.com/zh-tw/-/media/ESUNBANK/Files/Wealth/Bonds/bond_A489.pdf
2026-09-25 11:29:16,生物基因公司債券Ｉ,US09062XAD57,A490,2045/09/15,USD,"92.15
                                            (2026/09/24)","87.14
                                            (2026/09/24)",半年,,4,,限專業投資人,連結,,https://wealth.esunbank.com/zh-tw/offshore-bond/price/chart?bondid=A490,https://wealth.esunbank.com/zh-tw/-/media/ESUNBANK/Files/Wealth/Bonds/bond_A490.pdf
2026-09-25 11:29:16,阿布達比政府國際債券Ｉ,XS2057866191,A491,2049/09/30,USD,"74.37
                                            (2026/03/06)","62.97
                                            (2026/09/24)",半年,,3,,,連結,,https://wealth.esunbank.com/zh-tw/offshore-bond/price/chart?bondid=A491,https://wealth.esunbank.com/zh-tw/-/media/ESUNBANK/Files/Wealth/Bonds/bond_A491.pdf
2026-09-25 11:29:16,華特迪士尼公司債券Ｉ,US254687FL52,A492,2029/09/01,USD,"94.97
                                            (2026/07/03)","91.29
                                            (2026/09/24)",半年,,3,,,連結,,https://wealth.esunbank.com/zh-tw/offshore-bond/price/chart?bondid=A492,https://wealth.esunbank.com/zh-tw/-/media/ESUNBANK/Files/Wealth/Bonds/bond_A492.pdf
2026-09-25 11:29:16,華特迪士尼公司債券ＩＩ,US254687FM36,A493,2049/09/01,USD,"62.92
                                            (2026/09/24)","58.11
                                            (2026/09/24)",半年,,3,,,連結,,https://wealth.esunbank.com/zh-tw/offshore-bond/price/chart?bondid=A493,https://wealth.esunbank.com/zh-tw/-/media/ESUNBANK/Files/Wealth/Bonds/bond_A493.pdf
2026-09-25 11:29:16,阿聯酋杜拜國民銀行債券Ｖ,XS2033252664,A494,2029/07/26,CNY,"97.89
                                            (2025/02/21)","94.76
                                            (2026/09/24)",年,,3,,,連結,,https://wealth.esunbank.com/zh-tw/offshore-bond/price/chart?bondid=A494,https://wealth.esunbank.com/zh-tw/-/media/ESUNBANK/Files/Wealth/Bonds/bond_A494.pdf
2026-09-25 11:29:16,沙烏地阿拉伯王國公債ＩＶ,XS2109770151,A495,2055/01/21,USD,"68.64
                                            (2026/09/24)","63.35
                                            (2026/09/24)",半年,,3,,,連結,,https://wealth.esunbank.com/zh-tw/offshore-bond/price/chart?bondid=A495,https://wealth.esunbank.com/zh-tw/-/media/ESUNBANK/Files/Wealth/Bonds/bond_A495.pdf
2026-09-25 11:29:16,阿聯酋杜拜國民銀行債券ＶＩ,AU0000078644,A496,2030/02/26,AUD,"95.37
                                            (2025/02/14)","89.43
                                            (2026/09/24)",半年,,4,,,連結,,https://wealth.esunbank.com/zh-tw/offshore-bond/price/chart?bondid=A496,https://wealth.esunbank.com/zh-tw/-/media/ESUNBANK/Files/Wealth/Bonds/bond_A496.pdf
2026-09-25 11:29:16,ＡＴ＆Ｔ　公司債券Ｖ,US00206RJZ64,A498,2041/06/01,USD,"75.61
                                            (2026/09/24)","71.64
                                            (2026/09/24)",半年,,4,,限專業投資人,連結,,https://wealth.esunbank.com/zh-tw/offshore-bond/price/chart?bondid=A498,https://wealth.esunbank.com/zh-tw/-/media/ESUNBANK/Files/Wealth/Bonds/bond_A498.pdf
2026-09-25 11:29:16,ＡＴ＆Ｔ　公司債券ＶＩ,US00206RKA94,A499,2051/06/01,USD,"67.56
                                            (2026/09/24)","62.67
                                            (2026/09/24)",半年,,4,,限專業投資人,連結,,https://wealth.esunbank.com/zh-tw/offshore-bond/price/chart?bondid=A499,https://wealth.esunbank.com/zh-tw/-/media/ESUNBANK/Files/Wealth/Bonds/bond_A499.pdf
2026-09-25 11:29:16,瑞士銀行公司（倫敦）債券ＸＩＸ,XS2188553858,A501,2028/07/15,ZAR,"92.60
                                            (2025/02/21)","95.17
                                            (2026/09/23)",月,,4,,,連結,,https://wealth.esunbank.com/zh-tw/offshore-bond/price/chart?bondid=A501,https://wealth.esunbank.com/zh-tw/-/media/ESUNBANK/Files/Wealth/Bonds/bond_A501.pdf
2026-09-25 11:29:16,歐洲投資銀行債券ＸＩＶ－零息債,XS1697550512,A502,2032/10/18,ZAR,"64.41
                                            (2026/09/24)","61.88
                                            (2026/09/24)",,,4,,,連結,,https://wealth.esunbank.com/zh-tw/offshore-bond/price/chart?bondid=A502,https://wealth.esunbank.com/zh-tw/-/media/ESUNBANK/Files/Wealth/Bonds/bond_A502.pdf
2026-09-25 11:29:16,國際復興開發銀行債券ＶＩＩ－零息債,XS1238805102,A503,2035/05/29,ZAR,"52.08
                                            (2026/09/24)","48.94
                                            (2026/09/24)",,,4,,,連結,,https://wealth.esunbank.com/zh-tw/offshore-bond/price/chart?bondid=A503,https://wealth.esunbank.com/zh-tw/-/media/ESUNBANK/Files/Wealth/Bonds/bond_A503.pdf
2026-09-25 11:29:16,南非政府公債ＩＩ,ZAG000106998,A504,2030/01/31,ZAR,"97.84
                                            (2025/02/24)","99.46
                                            (2026/09/23)",半年,,5,,限專業投資人,連結,,https://wealth.esunbank.com/zh-tw/offshore-bond/price/chart?bondid=A504,https://wealth.esunbank.com/zh-tw/-/media/ESUNBANK/Files/Wealth/Bonds/bond_A504.pdf
2026-09-25 11:29:16,波音公司債券Ｉ,US097023CU76,A505,2027/05/01,USD,"102.79
                                            (2024/09/16)","99.86
                                            (2026/09/24)",半年,,4,,限專業投資人,連結,,https://wealth.esunbank.com/zh-tw/offshore-bond/price/chart?bondid=A505,https://wealth.esunbank.com/zh-tw/-/media/ESUNBANK/Files/Wealth/Bonds/bond_A505.pdf
2026-09-25 11:29:16,波音公司債券ＩＩ,US097023CY98,A506,2030/05/01,USD,"102.68
                                            (2024/09/16)","98.34
                                            (2026/09/24)",半年,,4,,限專業投資人,連結,,https://wealth.esunbank.com/zh-tw/offshore-bond/price/chart?bondid=A506,https://wealth.esunbank.com/zh-tw/-/media/ESUNBANK/Files/Wealth/Bonds/bond_A506.pdf
2026-09-25 11:29:16,波音公司債券ＩＩＩ,US097023CV59,A507,2040/05/01,USD,"102.26
                                            (2024/09/16)","95.11
                                            (2026/09/24)",半年,,4,,限專業投資人,連結,,https://wealth.esunbank.com/zh-tw/offshore-bond/price/chart?bondid=A507,https://wealth.esunbank.com/zh-tw/-/media/ESUNBANK/Files/Wealth/Bonds/bond_A507.pdf
2026-09-25 11:29:16,沙烏地阿拉伯國家石油公司債券Ｉ,XS1982113463,A508,2039/04/16,USD,"93.48
                                            (2026/03/06)","82.28
                                            (2026/09/24)",半年,,3,,,連結,,https://wealth.esunbank.com/zh-tw/offshore-bond/price/chart?bondid=A508,https://wealth.esunbank.com/zh-tw/-/media/ESUNBANK/Files/Wealth/Bonds/bond_A508.pdf
2026-09-25 11:29:16,沙烏地阿拉伯國家石油公司債券ＩＩ,XS1982116136,A509,2049/04/16,USD,"87.03
                                            (2026/03/06)","73.43
                                            (2026/09/24)",半年,,3,,,連結,,https://wealth.esunbank.com/zh-tw/offshore-bond/price/chart?bondid=A509,https://wealth.esunbank.com/zh-tw/-/media/ESUNBANK/Files/Wealth/Bonds/bond_A509.pdf
2026-09-25 11:29:16,匯豐控股債券ＸＩＩＩ,US404280CK33,A512,2031/08/18,USD,"89.73
                                            (2026/09/24)","88.22
                                            (2026/09/24)",半年,,5,,限專業投資人,連結,,https://wealth.esunbank.com/zh-tw/offshore-bond/price/chart?bondid=A512,https://wealth.esunbank.com/zh-tw/-/media/ESUNBANK/Files/Wealth/Bonds/bond_A512.pdf
2026-09-25 11:29:16,蘋果公司債券Ｖ,US037833DZ01,A513,2050/08/20,USD,"58.47
                                            (2026/09/24)","53.63
                                            (2026/09/24)",半年,,3,,,連結,,https://wealth.esunbank.com/zh-tw/offshore-bond/price/chart?bondid=A513,https://wealth.esunbank.com/zh-tw/-/media/ESUNBANK/Files/Wealth/Bonds/bond_A513.pdf
2026-09-25 11:29:16,蘋果公司債券ＶＩ,US037833EA41,A514,2060/08/20,USD,"54.33
                                            (2026/09/24)","49.28
                                            (2026/09/24)",半年,,5,,,連結,,https://wealth.esunbank.com/zh-tw/offshore-bond/price/chart?bondid=A514,https://wealth.esunbank.com/zh-tw/-/media/ESUNBANK/Files/Wealth/Bonds/bond_A514.pdf
2026-09-25 11:29:16,花旗環球證券控股公司債券　ＩＶ,XS2163008829,A515,2030/08/06,CNY,"106.28
                                            (2026/09/24)","100.93
                                            (2026/09/24)",年,,3,,,連結,,https://wealth.esunbank.com/zh-tw/offshore-bond/price/chart?bondid=A515,https://wealth.esunbank.com/zh-tw/-/media/ESUNBANK/Files/Wealth/Bonds/bond_A515.pdf
2026-09-25 11:29:16,生物基因公司債券ＩＩ,US09062XAG88,A517,2050/05/01,USD,"65.95
                                            (2026/09/24)","60.96
                                            (2026/09/24)",半年,,4,,限專業投資人,連結,,https://wealth.esunbank.com/zh-tw/offshore-bond/price/chart?bondid=A517,https://wealth.esunbank.com/zh-tw/-/media/ESUNBANK/Files/Wealth/Bonds/bond_A517.pdf
2026-09-25 11:29:16,通用汽車公司債券ＩＩＩ,US37045VAL45,A519,2046/04/01,USD,"104.28
                                            (2026/09/24)","99.30
                                            (2026/09/24)",半年,,4,,限專業投資人,連結,,https://wealth.esunbank.com/zh-tw/offshore-bond/price/chart?bondid=A519,https://wealth.esunbank.com/zh-tw/-/media/ESUNBANK/Files/Wealth/Bonds/bond_A519.pdf
2026-09-25 11:29:16,ＡＴ＆Ｔ　公司債券ＶＩＩ,US00206RKE17,A520,2052/02/01,USD,"63.02
                                            (2026/09/24)","58.06
                                            (2026/09/24)",半年,,4,,限專業投資人,連結,,https://wealth.esunbank.com/zh-tw/offshore-bond/price/chart?bondid=A520,https://wealth.esunbank.com/zh-tw/-/media/ESUNBANK/Files/Wealth/Bonds/bond_A520.pdf
2026-09-25 11:29:16,日產汽車公司債券Ｉ,USJ57160DZ32,A521,2030/09/17,USD,"98.55
                                            (2025/03/04)","91.10
                                            (2026/09/24)",半年,,5,,限專業投資人,連結,,https://wealth.esunbank.com/zh-tw/offshore-bond/price/chart?bondid=A521,https://wealth.esunbank.com/zh-tw/-/media/ESUNBANK/Files/Wealth/Bonds/bond_A521.pdf
2026-09-25 11:29:16,墨西哥石油公司債券ＶＩＩ,US71654QDC33,A522,2030/01/23,USD,"88.54
                                            (2024/04/26)","100.93
                                            (2026/09/24)",半年,,5,,限專業投資人,連結,,https://wealth.esunbank.com/zh-tw/offshore-bond/price/chart?bondid=A522,https://wealth.esunbank.com/zh-tw/-/media/ESUNBANK/Files/Wealth/Bonds/bond_A522.pdf
2026-09-25 11:29:16,墨西哥石油公司債券ＶＩＩＩ,US71654QDE98,A523,2031/01/28,USD,"80.74
                                            (2024/04/26)","96.40
                                            (2026/09/24)",半年,,4,,限專業投資人,連結,,https://wealth.esunbank.com/zh-tw/offshore-bond/price/chart?bondid=A523,https://wealth.esunbank.com/zh-tw/-/media/ESUNBANK/Files/Wealth/Bonds/bond_A523.pdf
2026-09-25 11:29:16,梅賽德斯－賓士金融北美有限責任公司債券Ｉ,US233835AQ08,A524,2031/01/18,USD,"112.48
                                            (2026/09/24)","110.28
                                            (2026/09/24)",半年,,3,,,連結,,https://wealth.esunbank.com/zh-tw/offshore-bond/price/chart?bondid=A524,https://wealth.esunbank.com/zh-tw/-/media/ESUNBANK/Files/Wealth/Bonds/bond_A524.pdf
2026-09-25 11:29:16,澳洲航空公司債券ＩＩＩ,AU3CB0274280,A525,2030/09/09,AUD,"99.20
                                            (2026/09/24)","96.10
                                            (2026/09/24)",半年,,5,,限專業投資人,連結,,https://wealth.esunbank.com/zh-tw/offshore-bond/price/chart?bondid=A525,https://wealth.esunbank.com/zh-tw/-/media/ESUNBANK/Files/Wealth/Bonds/bond_A525.pdf
2026-09-25 11:29:16,３Ｍ公司債券Ｉ,US88579YBK64,A527,2049/08/26,USD,"68.47
                                            (2026/09/24)","63.53
                                            (2026/09/24)",半年,,3,,,連結,,https://wealth.esunbank.com/zh-tw/offshore-bond/price/chart?bondid=A527,https://wealth.esunbank.com/zh-tw/-/media/ESUNBANK/Files/Wealth/Bonds/bond_A527.pdf
2026-09-25 11:29:16,阿聯酋杜拜國民銀行債券ＶＩＩ,XS2262826618,A528,2027/11/24,CNY,"97.10
                                            (2025/02/21)","94.30
                                            (2026/09/24)",年,,3,,,連結,,https://wealth.esunbank.com/zh-tw/offshore-bond/price/chart?bondid=A528,https://wealth.esunbank.com/zh-tw/-/media/ESUNBANK/Files/Wealth/Bonds/bond_A528.pdf
2026-09-25 11:29:16,瑞士銀行公司（倫敦）債券ＸＸ,XS2043730949,A530,2034/09/15,ZAR,"81.68
                                            (2025/02/21)","88.06
                                            (2026/09/23)",月,,4,,,連結,,https://wealth.esunbank.com/zh-tw/offshore-bond/price/chart?bondid=A530,https://wealth.esunbank.com/zh-tw/-/media/ESUNBANK/Files/Wealth/Bonds/bond_A530.pdf
2026-09-25 11:29:16,阿聯酋杜拜國民銀行債券ＶＩＩＩ,XS2272728564,A531,2035/12/11,USD,"63.43
                                            (2025/02/21)","62.89
                                            (2026/09/24)",年,,3,,,連結,,https://wealth.esunbank.com/zh-tw/offshore-bond/price/chart?bondid=A531,https://wealth.esunbank.com/zh-tw/-/media/ESUNBANK/Files/Wealth/Bonds/bond_A531.pdf
2026-09-25 11:29:16,騰訊控股公司債券Ｉ,US88032XAN49,A532,2029/04/11,USD,"100.21
                                            (2026/09/04)","96.95
                                            (2026/09/24)",半年,,3,,,連結,,https://wealth.esunbank.com/zh-tw/offshore-bond/price/chart?bondid=A532,https://wealth.esunbank.com/zh-tw/-/media/ESUNBANK/Files/Wealth/Bonds/bond_A532.pdf
2026-09-25 11:29:16,騰訊控股公司債券ＩＩ,US88032XAV64,A533,2050/06/03,USD,"68.73
                                            (2026/09/24)","63.24
                                            (2026/09/24)",半年,,3,,,連結,,https://wealth.esunbank.com/zh-tw/offshore-bond/price/chart?bondid=A533,https://wealth.esunbank.com/zh-tw/-/media/ESUNBANK/Files/Wealth/Bonds/bond_A533.pdf
2026-09-25 11:29:16,慧與科技公司債券ＩＩ,US42824CAY57,A534,2045/10/15,USD,"102.08
                                            (2026/09/24)","97.08
                                            (2026/09/24)",半年,,4,,限專業投資人,連結,,https://wealth.esunbank.com/zh-tw/offshore-bond/price/chart?bondid=A534,https://wealth.esunbank.com/zh-tw/-/media/ESUNBANK/Files/Wealth/Bonds/bond_A534.pdf
2026-09-25 11:29:16,摩根士丹利金融有限責任公司債券ＩＩＩ－零息債,XS2175210090,A537,2035/12/30,ZAR,"44.95
                                            (2026/09/24)","41.75
                                            (2026/09/24)",,,4,,,連結,,https://wealth.esunbank.com/zh-tw/offshore-bond/price/chart?bondid=A537,https://wealth.esunbank.com/zh-tw/-/media/ESUNBANK/Files/Wealth/Bonds/bond_A537.pdf
2026-09-25 11:29:16,自由港麥克莫蘭銅金公司債券ＩＩ,US35671DBJ37,A538,2034/11/14,USD,"99.03
                                            (2026/09/24)","96.58
                                            (2026/09/24)",半年,,4,,限專業投資人,連結,,https://wealth.esunbank.com/zh-tw/offshore-bond/price/chart?bondid=A538,https://wealth.esunbank.com/zh-tw/-/media/ESUNBANK/Files/Wealth/Bonds/bond_A538.pdf
2026-09-25 11:29:16,微軟公司債券ＩＩＩ,US594918BU71,A539,2056/08/08,USD,"75.70
                                            (2026/09/24)","70.18
                                            (2026/09/24)",半年,,5,,,連結,,https://wealth.esunbank.com/zh-tw/offshore-bond/price/chart?bondid=A539,https://wealth.esunbank.com/zh-tw/-/media/ESUNBANK/Files/Wealth/Bonds/bond_A539.pdf
2026-09-25 11:29:16,南非政府公債ＩＩＩ,ZAG000125972,A540,2035/02/28,ZAR,"91.84
                                            (2025/02/21)","101.20
                                            (2026/09/23)",半年,,5,,限專業投資人,連結,,https://wealth.esunbank.com/zh-tw/offshore-bond/price/chart?bondid=A540,https://wealth.esunbank.com/zh-tw/-/media/ESUNBANK/Files/Wealth/Bonds/bond_A540.pdf
2026-09-25 11:29:16,波音公司債券ＩＶ,US097023CN34,A541,2030/02/01,USD,"92.03
                                            (2024/09/16)","91.74
                                            (2026/09/24)",半年,,4,,限專業投資人,連結,,https://wealth.esunbank.com/zh-tw/offshore-bond/price/chart?bondid=A541,https://wealth.esunbank.com/zh-tw/-/media/ESUNBANK/Files/Wealth/Bonds/bond_A541.pdf
2026-09-25 11:29:16,波音公司債券Ｖ,US097023CQ64,A543,2050/02/01,USD,"74.49
                                            (2024/09/16)","67.64
                                            (2026/09/24)",半年,,4,,限專業投資人,連結,,https://wealth.esunbank.com/zh-tw/offshore-bond/price/chart?bondid=A543,https://wealth.esunbank.com/zh-tw/-/media/ESUNBANK/Files/Wealth/Bonds/bond_A543.pdf
2026-09-25 11:29:16,波音公司債券ＶＩ,US097023CR48,A544,2059/08/01,USD,"72.52
                                            (2024/09/16)","65.35
                                            (2026/09/24)",半年,,5,,限專業投資人,連結,,https://wealth.esunbank.com/zh-tw/offshore-bond/price/chart?bondid=A544,https://wealth.esunbank.com/zh-tw/-/media/ESUNBANK/Files/Wealth/Bonds/bond_A544.pdf
2026-09-25 11:29:16,瑞士銀行公司（倫敦）債券ＸＸＩ－零息債,XS2086746927,A545,2035/01/02,ZAR,"106.04
                                            (2025/02/21)","137.72
                                            (2026/09/23)",,,4,,,連結,,https://wealth.esunbank.com/zh-tw/offshore-bond/price/chart?bondid=A545,https://wealth.esunbank.com/zh-tw/-/media/ESUNBANK/Files/Wealth/Bonds/bond_A545.pdf
2026-09-25 11:29:16,匯豐控股或有可轉換次順位永續債券ＸＩＶ,US404280CN71,A546,無到期日,USD,"85.66
                                            (2024/04/26)","91.30
                                            (2026/09/24)",半年,,5,,限專業投資人,連結,,https://wealth.esunbank.com/zh-tw/offshore-bond/price/chart?bondid=A546,https://wealth.esunbank.com/zh-tw/-/media/ESUNBANK/Files/Wealth/Bonds/bond_A546.pdf
2026-09-25 11:29:16,卡達國家銀行金融有限公司債券ＶＩ,XS2305731403,A547,2028/02/24,CNY,"94.10
                                            (2025/02/21)","97.02
                                            (2026/09/24)",年,,2,,,連結,,https://wealth.esunbank.com/zh-tw/offshore-bond/price/chart?bondid=A547,https://wealth.esunbank.com/zh-tw/-/media/ESUNBANK/Files/Wealth/Bonds/bond_A547.pdf
2026-09-25 11:29:16,甲骨文公司債券Ｉ,US68389XBX21,A548,2050/04/01,USD,"60.68
                                            (2026/09/24)","55.82
                                            (2026/09/24)",半年,,4,,限專業投資人,連結,,https://wealth.esunbank.com/zh-tw/offshore-bond/price/chart?bondid=A548,https://wealth.esunbank.com/zh-tw/-/media/ESUNBANK/Files/Wealth/Bonds/bond_A548.pdf
2026-09-25 11:29:16,甲骨文公司債券ＩＩ,US68389XBY04,A549,2060/04/01,USD,"59.16
                                            (2026/09/24)","53.78
                                            (2026/09/24)",半年,,5,,限專業投資人,連結,,https://wealth.esunbank.com/zh-tw/offshore-bond/price/chart?bondid=A549,https://wealth.esunbank.com/zh-tw/-/media/ESUNBANK/Files/Wealth/Bonds/bond_A549.pdf
2026-09-25 11:29:16,耐吉公司債券Ｉ,US654106AE35,A550,2045/11/01,USD,"79.02
                                            (2026/09/24)","74.18
                                            (2026/09/24)",半年,,3,,,連結,,https://wealth.esunbank.com/zh-tw/offshore-bond/price/chart?bondid=A550,https://wealth.esunbank.com/zh-tw/-/media/ESUNBANK/Files/Wealth/Bonds/bond_A550.pdf
2026-09-25 11:29:16,租借金融有限公司債券　Ｉ,AU3CB0278711,A551,2031/03/31,AUD,"83.21
                                            (2024/04/26)","86.82
                                            (2026/09/24)",半年,,5,,限專業投資人,連結,,https://wealth.esunbank.com/zh-tw/offshore-bond/price/chart?bondid=A551,https://wealth.esunbank.com/zh-tw/-/media/ESUNBANK/Files/Wealth/Bonds/bond_A551.pdf
2026-09-25 11:29:16,百事公司債券ＩＩ,US713448EP96,A552,2049/10/15,USD,"64.86
                                            (2026/09/24)","60.01
                                            (2026/09/24)",半年,,3,,,連結,,https://wealth.esunbank.com/zh-tw/offshore-bond/price/chart?bondid=A552,https://wealth.esunbank.com/zh-tw/-/media/ESUNBANK/Files/Wealth/Bonds/bond_A552.pdf
2026-09-25 11:29:16,Ｔ－ＭＯＢＩＬＥ電信公司債券ＶＩ,US87264ABN46,A553,2051/02/15,USD,"65.05
                                            (2026/09/24)","60.16
                                            (2026/09/24)",半年,,4,,限專業投資人,連結,,https://wealth.esunbank.com/zh-tw/offshore-bond/price/chart?bondid=A553,https://wealth.esunbank.com/zh-tw/-/media/ESUNBANK/Files/Wealth/Bonds/bond_A553.pdf
2026-09-25 11:29:16,Ｔ－ＭＯＢＩＬＥ電信公司債券ＶＩＩ,US87264AAZ84,A554,2050/04/15,USD,"79.59
                                            (2026/09/24)","74.73
                                            (2026/09/24)",半年,,4,,限專業投資人,連結,,https://wealth.esunbank.com/zh-tw/offshore-bond/price/chart?bondid=A554,https://wealth.esunbank.com/zh-tw/-/media/ESUNBANK/Files/Wealth/Bonds/bond_A554.pdf
2026-09-25 11:29:16,輝瑞大藥廠公司債券Ｉ,US717081FA61,A555,2050/05/28,USD,"62.24
                                            (2026/09/24)","57.36
                                            (2026/09/24)",半年,,3,,,連結,,https://wealth.esunbank.com/zh-tw/offshore-bond/price/chart?bondid=A555,https://wealth.esunbank.com/zh-tw/-/media/ESUNBANK/Files/Wealth/Bonds/bond_A555.pdf
2026-09-25 11:29:16,３Ｍ公司債券　ＩＩ,US88579EAC93,A556,2037/03/15,USD,"101.63
                                            (2026/09/24)","98.29
                                            (2026/09/24)",半年,,3,,,連結,,https://wealth.esunbank.com/zh-tw/offshore-bond/price/chart?bondid=A556,https://wealth.esunbank.com/zh-tw/-/media/ESUNBANK/Files/Wealth/Bonds/bond_A556.pdf
2026-09-25 11:29:16,威士卡公司債券Ｉ,US92826CAE21,A557,2035/12/14,USD,"93.05
                                            (2026/09/24)","90.13
                                            (2026/09/24)",半年,,3,,,連結,,https://wealth.esunbank.com/zh-tw/offshore-bond/price/chart?bondid=A557,https://wealth.esunbank.com/zh-tw/-/media/ESUNBANK/Files/Wealth/Bonds/bond_A557.pdf
2026-09-25 11:29:16,默克藥廠債券Ｉ,US58933YAV74,A558,2039/03/07,USD,"86.15
                                            (2026/09/24)","82.60
                                            (2026/09/24)",半年,,3,,,連結,,https://wealth.esunbank.com/zh-tw/offshore-bond/price/chart?bondid=A558,https://wealth.esunbank.com/zh-tw/-/media/ESUNBANK/Files/Wealth/Bonds/bond_A558.pdf
2026-09-25 11:29:16,寶僑公司債券Ｉ,US742718DF34,A559,2037/03/05,USD,"103.35
                                            (2026/09/24)","100.23
                                            (2026/09/24)",半年,,3,,,連結,,https://wealth.esunbank.com/zh-tw/offshore-bond/price/chart?bondid=A559,https://wealth.esunbank.com/zh-tw/-/media/ESUNBANK/Files/Wealth/Bonds/bond_A559.pdf
2026-09-25 11:29:16,寶僑公司債券ＩＩ,US742718FJ38,A560,2040/03/25,USD,"84.08
                                            (2026/09/24)","79.71
                                            (2026/09/24)",半年,,3,,,連結,,https://wealth.esunbank.com/zh-tw/offshore-bond/price/chart?bondid=A560,https://wealth.esunbank.com/zh-tw/-/media/ESUNBANK/Files/Wealth/Bonds/bond_A560.pdf
2026-09-25 11:29:16,微軟公司債券ＩＶ,US594918BZ68,A561,2037/02/06,USD,"92.02
                                            (2026/09/24)","88.96
                                            (2026/09/24)",半年,,3,,,連結,,https://wealth.esunbank.com/zh-tw/offshore-bond/price/chart?bondid=A561,https://wealth.esunbank.com/zh-tw/-/media/ESUNBANK/Files/Wealth/Bonds/bond_A561.pdf
2026-09-25 11:29:16,戴爾國際有限責任公司與ＥＭＣ公司債券ＩＩ,US24703TAE64,A562,2026/10/01,USD,"100.99
                                            (2024/04/26)","99.81
                                            (2026/09/24)",半年,,4,,限專業投資人,連結,,https://wealth.esunbank.com/zh-tw/offshore-bond/price/chart?bondid=A562,https://wealth.esunbank.com/zh-tw/-/media/ESUNBANK/Files/Wealth/Bonds/bond_A562.pdf
2026-09-25 11:29:16,阿斯特捷利康公司債券Ｉ,US046353AZ13,A563,2051/05/28,USD,"66.30
                                            (2026/09/24)","61.44
                                            (2026/09/24)",半年,,3,,,連結,,https://wealth.esunbank.com/zh-tw/offshore-bond/price/chart?bondid=A563,https://wealth.esunbank.com/zh-tw/-/media/ESUNBANK/Files/Wealth/Bonds/bond_A563.pdf
2026-09-25 11:29:16,福特汽車公司債券ＩＶ,US345370CQ17,A564,2043/01/15,USD,"79.20
                                            (2026/09/24)","74.94
                                            (2026/09/24)",半年,,4,,限專業投資人,連結,,https://wealth.esunbank.com/zh-tw/offshore-bond/price/chart?bondid=A564,https://wealth.esunbank.com/zh-tw/-/media/ESUNBANK/Files/Wealth/Bonds/bond_A564.pdf
2026-09-25 11:29:16,福特汽車公司債券Ｖ,US345370BR09,A565,2046/11/01,USD,"104.91
                                            (2026/09/24)","99.16
                                            (2026/09/24)",半年,,4,,限專業投資人,連結,,https://wealth.esunbank.com/zh-tw/offshore-bond/price/chart?bondid=A565,https://wealth.esunbank.com/zh-tw/-/media/ESUNBANK/Files/Wealth/Bonds/bond_A565.pdf
2026-09-25 11:29:16,軟體銀行集團債券ＶＩＩ,XS2361253607,A566,2031/07/06,USD,"93.60
                                            (2026/09/24)","89.32
                                            (2026/09/24)",半年,,5,,限專業投資人,連結,,https://wealth.esunbank.com/zh-tw/offshore-bond/price/chart?bondid=A566,https://wealth.esunbank.com/zh-tw/-/media/ESUNBANK/Files/Wealth/Bonds/bond_A566.pdf
2026-09-25 11:29:16,流明科技公司債券ＩＩＩ,USU54985AA15,A567,2029/06/15,USD,"90.22
                                            (2024/12/27)","92.74
                                            (2026/09/24)",半年,,5,,限OBU專業投資人,連結,,https://wealth.esunbank.com/zh-tw/offshore-bond/price/chart?bondid=A567,https://wealth.esunbank.com/zh-tw/-/media/ESUNBANK/Files/Wealth/Bonds/bond_A567.pdf
2026-09-25 11:29:16,ＡＴ＆Ｔ公司債券ＩＸ,US00206RLV23,A568,2059/09/15,USD,"63.53
                                            (2026/09/24)","58.38
                                            (2026/09/24)",半年,,5,,限專業投資人,連結,,https://wealth.esunbank.com/zh-tw/offshore-bond/price/chart?bondid=A568,https://wealth.esunbank.com/zh-tw/-/media/ESUNBANK/Files/Wealth/Bonds/bond_A568.pdf
2026-09-25 11:29:16,聯邦快遞公司債券Ｉ,US31428XCE40,A569,2041/05/15,USD,"74.88
                                            (2025/01/09)","68.59
                                            (2026/09/24)",半年,,4,,限專業投資人,連結,,https://wealth.esunbank.com/zh-tw/offshore-bond/price/chart?bondid=A569,https://wealth.esunbank.com/zh-tw/-/media/ESUNBANK/Files/Wealth/Bonds/bond_A569.pdf
2026-09-25 11:29:16,三菱日聯金融集團債券Ｉ,US606822BE37,A570,2039/03/07,USD,"88.80
                                            (2026/09/24)","84.92
                                            (2026/09/24)",半年,,5,,限專業投資人,連結,,https://wealth.esunbank.com/zh-tw/offshore-bond/price/chart?bondid=A570,https://wealth.esunbank.com/zh-tw/-/media/ESUNBANK/Files/Wealth/Bonds/bond_A570.pdf
2026-09-25 11:29:16,ＩＢＭ公司債券Ｉ,US459200KL41,A571,2050/05/15,USD,"61.75
                                            (2026/09/24)","56.81
                                            (2026/09/24)",半年,,3,,,連結,,https://wealth.esunbank.com/zh-tw/offshore-bond/price/chart?bondid=A571,https://wealth.esunbank.com/zh-tw/-/media/ESUNBANK/Files/Wealth/Bonds/bond_A571.pdf
2026-09-25 11:29:16,音巴克公司債券Ｉ,US29078EAA38,A573,2036/06/01,USD,"29.11
                                            (2026/06/11)","12.54
                                            (2026/09/24)",半年,,5,,限OBU專業投資人,連結,,https://wealth.esunbank.com/zh-tw/offshore-bond/price/chart?bondid=A573,https://wealth.esunbank.com/zh-tw/-/media/ESUNBANK/Files/Wealth/Bonds/bond_A573.pdf
2026-09-25 11:29:16,阿聯酋杜拜國民銀行債券ＩＸ,XS2406737622,A574,2031/11/09,AUD,"82.80
                                            (2025/02/21)","74.35
                                            (2026/09/24)",年,,4,,,連結,,https://wealth.esunbank.com/zh-tw/offshore-bond/price/chart?bondid=A574,https://wealth.esunbank.com/zh-tw/-/media/ESUNBANK/Files/Wealth/Bonds/bond_A574.pdf
2026-09-25 11:29:16,金魚公司永續發展連結債券Ｉ,US86964WAK80,A575,2032/01/15,USD,"89.14
                                            (2026/09/24)","86.73
                                            (2026/09/24)",半年,,4,,限專業投資人,連結,,https://wealth.esunbank.com/zh-tw/offshore-bond/price/chart?bondid=A575,https://wealth.esunbank.com/zh-tw/-/media/ESUNBANK/Files/Wealth/Bonds/bond_A575.pdf
2026-09-25 11:29:16,瑞士銀行公司（倫敦）債券ＸＸＩＩ,XS2365562128,A577,2036/07/23,ZAR,"78.67
                                            (2025/02/21)","85.49
                                            (2026/09/23)",年,,4,,,連結,,https://wealth.esunbank.com/zh-tw/offshore-bond/price/chart?bondid=A577,https://wealth.esunbank.com/zh-tw/-/media/ESUNBANK/Files/Wealth/Bonds/bond_A577.pdf
2026-09-25 11:29:16,瑞士銀行公司（倫敦）債券ＸＸＩＩＩ,XS2394881291,A578,2031/10/15,CNY,"97.16
                                            (2025/02/21)","100.83
                                            (2026/09/24)",月,,3,,,連結,,https://wealth.esunbank.com/zh-tw/offshore-bond/price/chart?bondid=A578,https://wealth.esunbank.com/zh-tw/-/media/ESUNBANK/Files/Wealth/Bonds/bond_A578.pdf
2026-09-25 11:29:16,惠普公司永續發展債券ＩＩ,US40434LAJ44,A579,2031/06/17,USD,"89.21
                                            (2026/09/24)","86.63
                                            (2026/09/24)",半年,,4,,限專業投資人,連結,,https://wealth.esunbank.com/zh-tw/offshore-bond/price/chart?bondid=A579,https://wealth.esunbank.com/zh-tw/-/media/ESUNBANK/Files/Wealth/Bonds/bond_A579.pdf
2026-09-25 11:29:16,墨西哥石油公司債券Ｘ,US71643VAB18,A581,2032/02/16,USD,"84.10
                                            (2024/04/26)","97.67
                                            (2026/09/24)",半年,,5,,限專業投資人,連結,,https://wealth.esunbank.com/zh-tw/offshore-bond/price/chart?bondid=A581,https://wealth.esunbank.com/zh-tw/-/media/ESUNBANK/Files/Wealth/Bonds/bond_A581.pdf
2026-09-25 11:29:16,阿聯酋杜拜國民銀行債券Ｘ,XS2447755609,A582,2032/02/23,AUD,"92.15
                                            (2023/06/07)","74.30
                                            (2026/09/24)",年,,4,,,連結,,https://wealth.esunbank.com/zh-tw/offshore-bond/price/chart?bondid=A582,https://wealth.esunbank.com/zh-tw/-/media/ESUNBANK/Files/Wealth/Bonds/bond_A582.pdf
2026-09-25 11:29:16,本田汽車公司綠色債券Ｉ,US438127AB80,A583,2027/03/10,USD,"99.37
                                            (2025/12/26)","98.71
                                            (2026/09/24)",半年,,3,,,連結,,https://wealth.esunbank.com/zh-tw/offshore-bond/price/chart?bondid=A583,https://wealth.esunbank.com/zh-tw/-/media/ESUNBANK/Files/Wealth/Bonds/bond_A583.pdf
2026-09-25 11:29:16,匯豐控股次順位債券ＸＶ,US404280AG49,A584,2036/05/02,USD,"105.74
                                            (2026/09/24)","102.90
                                            (2026/09/24)",半年,,5,,限專業投資人,連結,,https://wealth.esunbank.com/zh-tw/offshore-bond/price/chart?bondid=A584,https://wealth.esunbank.com/zh-tw/-/media/ESUNBANK/Files/Wealth/Bonds/bond_A584.pdf
2026-09-25 11:29:16,美國公債Ｉ,US91282CEF41,A585,2027/03/31,USD,"99.69
                                            (2026/08/21)","98.94
                                            (2026/09/24)",半年,,2,,,連結,,https://wealth.esunbank.com/zh-tw/offshore-bond/price/chart?bondid=A585,https://wealth.esunbank.com/zh-tw/-/media/ESUNBANK/Files/Wealth/Bonds/bond_A585.pdf
2026-09-25 11:29:16,美國公債ＩＩ,US91282CDJ71,A586,2031/11/15,USD,"84.55
                                            (2026/09/24)","83.47
                                            (2026/09/24)",半年,,2,,,連結,,https://wealth.esunbank.com/zh-tw/offshore-bond/price/chart?bondid=A586,https://wealth.esunbank.com/zh-tw/-/media/ESUNBANK/Files/Wealth/Bonds/bond_A586.pdf
2026-09-25 11:29:16,美國公債ＩＩＩ,US912810TD00,A587,2052/02/15,USD,"58.87
                                            (2026/09/24)","55.59
                                            (2026/09/24)",半年,,3,,,連結,,https://wealth.esunbank.com/zh-tw/offshore-bond/price/chart?bondid=A587,https://wealth.esunbank.com/zh-tw/-/media/ESUNBANK/Files/Wealth/Bonds/bond_A587.pdf
2026-09-25 11:29:16,瑞士銀行公司（倫敦）債券ＸＸＩＶ,XS2455417910,A588,2027/05/15,USD,"97.61
                                            (2025/02/21)","98.14
                                            (2026/09/24)",月,,3,,,連結,,https://wealth.esunbank.com/zh-tw/offshore-bond/price/chart?bondid=A588,https://wealth.esunbank.com/zh-tw/-/media/ESUNBANK/Files/Wealth/Bonds/bond_A588.pdf
2026-09-25 11:29:16,台積電子公司債券Ｉ,US872898AF83,A589,2027/04/22,USD,"101.07
                                            (2026/02/11)","99.23
                                            (2026/09/24)",半年,,2,,,連結,,https://wealth.esunbank.com/zh-tw/offshore-bond/price/chart?bondid=A589,https://wealth.esunbank.com/zh-tw/-/media/ESUNBANK/Files/Wealth/Bonds/bond_A589.pdf
2026-09-25 11:29:16,台積電子公司債券ＩＩ,US872898AG66,A590,2029/04/22,USD,"100.08
                                            (2026/09/15)","97.38
                                            (2026/09/24)",半年,,2,,,連結,,https://wealth.esunbank.com/zh-tw/offshore-bond/price/chart?bondid=A590,https://wealth.esunbank.com/zh-tw/-/media/ESUNBANK/Files/Wealth/Bonds/bond_A590.pdf
2026-09-25 11:29:16,台積電子公司債券ＩＩＩ,US872898AH40,A591,2032/04/22,USD,"96.71
                                            (2026/09/24)","94.19
                                            (2026/09/24)",半年,,2,,,連結,,https://wealth.esunbank.com/zh-tw/offshore-bond/price/chart?bondid=A591,https://wealth.esunbank.com/zh-tw/-/media/ESUNBANK/Files/Wealth/Bonds/bond_A591.pdf
2026-09-25 11:29:16,台積電子公司債券ＩＶ,US872898AJ06,A592,2052/04/22,USD,"90.02
                                            (2026/09/24)","84.83
                                            (2026/09/24)",半年,,3,,,連結,,https://wealth.esunbank.com/zh-tw/offshore-bond/price/chart?bondid=A592,https://wealth.esunbank.com/zh-tw/-/media/ESUNBANK/Files/Wealth/Bonds/bond_A592.pdf
2026-09-25 11:29:16,國際金融公司債券Ｉ,XS1649504096,A593,2027/07/20,MXN,"101.09
                                            (2025/12/19)","99.30
                                            (2026/09/24)",年,,3,,,連結,,https://wealth.esunbank.com/zh-tw/offshore-bond/price/chart?bondid=A593,https://wealth.esunbank.com/zh-tw/-/media/ESUNBANK/Files/Wealth/Bonds/bond_A593.pdf
2026-09-25 11:29:16,高盛金融公司國際有限公司債券ＩＩ,XS2019705552,A594,2037/03/22,USD,"83.16
                                            (2026/09/24)","78.35
                                            (2026/09/24)",季,,3,,,連結,,https://wealth.esunbank.com/zh-tw/offshore-bond/price/chart?bondid=A594,https://wealth.esunbank.com/zh-tw/-/media/ESUNBANK/Files/Wealth/Bonds/bond_A594.pdf
2026-09-25 11:29:16,台積電子公司債券Ｖ,USG91139AK43,A599,2027/07/22,USD,"99.99
                                            (2024/04/26)","99.27
                                            (2026/09/24)",半年,,2,,,連結,,https://wealth.esunbank.com/zh-tw/offshore-bond/price/chart?bondid=A599,https://wealth.esunbank.com/zh-tw/-/media/ESUNBANK/Files/Wealth/Bonds/bond_A599.pdf
2026-09-25 11:29:16,台積電子公司債券ＶＩ,USG91139AL26,A600,2032/07/22,USD,"98.48
                                            (2026/09/24)","96.01
                                            (2026/09/24)",半年,,2,,,連結,,https://wealth.esunbank.com/zh-tw/offshore-bond/price/chart?bondid=A600,https://wealth.esunbank.com/zh-tw/-/media/ESUNBANK/Files/Wealth/Bonds/bond_A600.pdf
2026-09-25 11:29:16,波克夏海瑟威公司債券ＩＩ,US084670BK32,A602,2043/02/11,USD,"88.71
                                            (2026/09/24)","84.48
                                            (2026/09/24)",半年,,3,,,連結,,https://wealth.esunbank.com/zh-tw/offshore-bond/price/chart?bondid=A602,https://wealth.esunbank.com/zh-tw/-/media/ESUNBANK/Files/Wealth/Bonds/bond_A602.pdf
2026-09-25 11:29:16,波克夏海瑟威金融公司債券Ｉ,US084664CQ25,A603,2048/08/15,USD,"80.78
                                            (2026/09/24)","76.01
                                            (2026/09/24)",半年,,3,,,連結,,https://wealth.esunbank.com/zh-tw/offshore-bond/price/chart?bondid=A603,https://wealth.esunbank.com/zh-tw/-/media/ESUNBANK/Files/Wealth/Bonds/bond_A603.pdf
2026-09-25 11:29:16,高盛金融公司國際有限公司債券ＩＩＩ,XS2080947265,A604,2027/09/26,CNY,"102.93
                                            (2026/09/24)","100.32
                                            (2026/09/24)",季,,3,,,連結,,https://wealth.esunbank.com/zh-tw/offshore-bond/price/chart?bondid=A604,https://wealth.esunbank.com/zh-tw/-/media/ESUNBANK/Files/Wealth/Bonds/bond_A604.pdf
2026-09-25 11:29:16,福斯集團美國金融公司債券Ｉ,USU9273ACK98,A605,2028/11/13,USD,"99.63
                                            (2026/09/24)","98.03
                                            (2026/09/24)",半年,,3,,,連結,,https://wealth.esunbank.com/zh-tw/offshore-bond/price/chart?bondid=A605,https://wealth.esunbank.com/zh-tw/-/media/ESUNBANK/Files/Wealth/Bonds/bond_A605.pdf
2026-09-25 11:29:16,豐田汽車公司債券Ｉ,US892331AN94,A606,2031/03/25,USD,"90.05
                                            (2026/09/24)","87.68
                                            (2026/09/24)",半年,,3,,,連結,,https://wealth.esunbank.com/zh-tw/offshore-bond/price/chart?bondid=A606,https://wealth.esunbank.com/zh-tw/-/media/ESUNBANK/Files/Wealth/Bonds/bond_A606.pdf
2026-09-25 11:29:16,三菱日聯金融集團債券ＩＩ,US606822BR40,A607,2030/02/25,USD,"92.69
                                            (2026/09/24)","90.62
                                            (2026/09/24)",半年,,5,,限專業投資人,連結,,https://wealth.esunbank.com/zh-tw/offshore-bond/price/chart?bondid=A607,https://wealth.esunbank.com/zh-tw/-/media/ESUNBANK/Files/Wealth/Bonds/bond_A607.pdf
2026-09-25 11:29:16,三井住友金融集團債券Ｉ,US86562MCN83,A608,2029/01/14,USD,"95.77
                                            (2026/09/24)","93.37
                                            (2026/09/24)",半年,,5,,限專業投資人,連結,,https://wealth.esunbank.com/zh-tw/offshore-bond/price/chart?bondid=A608,https://wealth.esunbank.com/zh-tw/-/media/ESUNBANK/Files/Wealth/Bonds/bond_A608.pdf
2026-09-25 11:29:16,ＭＥＴＡ平台公司債券Ｖ,US30303M8G02,A609,2027/08/15,USD,"100.80
                                            (2026/01/13)","98.78
                                            (2026/09/24)",半年,,2,,,連結,,https://wealth.esunbank.com/zh-tw/offshore-bond/price/chart?bondid=A609,https://wealth.esunbank.com/zh-tw/-/media/ESUNBANK/Files/Wealth/Bonds/bond_A609.pdf
2026-09-25 11:29:16,ＭＥＴＡ平台公司債券ＶＩ,US30303M8H84,A610,2032/08/15,USD,"92.74
                                            (2026/09/24)","90.34
                                            (2026/09/24)",半年,,2,,,連結,,https://wealth.esunbank.com/zh-tw/offshore-bond/price/chart?bondid=A610,https://wealth.esunbank.com/zh-tw/-/media/ESUNBANK/Files/Wealth/Bonds/bond_A610.pdf
2026-09-25 11:29:16,ＭＥＴＡ平台公司債券ＶＩＩ,US30303M8J41,A611,2052/08/15,USD,"74.82
                                            (2026/09/24)","70.05
                                            (2026/09/24)",半年,,3,,,連結,,https://wealth.esunbank.com/zh-tw/offshore-bond/price/chart?bondid=A611,https://wealth.esunbank.com/zh-tw/-/media/ESUNBANK/Files/Wealth/Bonds/bond_A611.pdf
2026-09-25 11:29:16,ＭＥＴＡ平台公司債券ＶＩＩＩ,US30303M8K14,A612,2062/08/15,USD,"73.24
                                            (2026/09/24)","68.31
                                            (2026/09/24)",半年,,5,,,連結,,https://wealth.esunbank.com/zh-tw/offshore-bond/price/chart?bondid=A612,https://wealth.esunbank.com/zh-tw/-/media/ESUNBANK/Files/Wealth/Bonds/bond_A612.pdf
2026-09-25 11:29:16,美國公債ＶＩ,US91282CFV81,A615,2032/11/15,USD,"96.22
                                            (2026/09/24)","95.07
                                            (2026/09/24)",半年,,3,,,連結,,https://wealth.esunbank.com/zh-tw/offshore-bond/price/chart?bondid=A615,https://wealth.esunbank.com/zh-tw/-/media/ESUNBANK/Files/Wealth/Bonds/bond_A615.pdf
2026-09-25 11:29:16,摩根士丹利金融有限責任公司債券ＩＶ,XS2476733428,A617,2031/02/14,ZAR,"104.17
                                            (2026/09/24)","101.22
                                            (2026/09/24)",半年,,4,,,連結,,https://wealth.esunbank.com/zh-tw/offshore-bond/price/chart?bondid=A617,https://wealth.esunbank.com/zh-tw/-/media/ESUNBANK/Files/Wealth/Bonds/bond_A617.pdf
2026-09-25 11:29:16,嬌生公司債券Ｉ,US478160BJ28,A618,2033/12/05,USD,"96.76
                                            (2026/09/24)","94.86
                                            (2026/09/24)",半年,,3,,,連結,,https://wealth.esunbank.com/zh-tw/offshore-bond/price/chart?bondid=A618,https://wealth.esunbank.com/zh-tw/-/media/ESUNBANK/Files/Wealth/Bonds/bond_A618.pdf
2026-09-25 11:29:16,嬌生公司債券ＩＩ,US478160CS18,A619,2050/09/01,USD,"58.34
                                            (2026/09/24)","53.43
                                            (2026/09/24)",半年,,3,,,連結,,https://wealth.esunbank.com/zh-tw/offshore-bond/price/chart?bondid=A619,https://wealth.esunbank.com/zh-tw/-/media/ESUNBANK/Files/Wealth/Bonds/bond_A619.pdf
2026-09-25 11:29:16,ＰＡＹＰＡＬ控股有限公司債券Ｉ,US70450YAK91,A620,2027/06/01,USD,"101.36
                                            (2026/01/12)","99.08
                                            (2026/09/24)",半年,,3,,,連結,,https://wealth.esunbank.com/zh-tw/offshore-bond/price/chart?bondid=A620,https://wealth.esunbank.com/zh-tw/-/media/ESUNBANK/Files/Wealth/Bonds/bond_A620.pdf
2026-09-25 11:29:16,ＰＡＹＰＡＬ控股有限公司債券ＩＩ,US70450YAL74,A621,2032/06/01,USD,"96.16
                                            (2026/09/24)","93.36
                                            (2026/09/24)",半年,,3,,,連結,,https://wealth.esunbank.com/zh-tw/offshore-bond/price/chart?bondid=A621,https://wealth.esunbank.com/zh-tw/-/media/ESUNBANK/Files/Wealth/Bonds/bond_A621.pdf
2026-09-25 11:29:16,ＰＡＹＰＡＬ控股有限公司債券ＩＩＩ,US70450YAM57,A622,2052/06/01,USD,"87.59
                                            (2026/09/24)","81.89
                                            (2026/09/24)",半年,,3,,,連結,,https://wealth.esunbank.com/zh-tw/offshore-bond/price/chart?bondid=A622,https://wealth.esunbank.com/zh-tw/-/media/ESUNBANK/Files/Wealth/Bonds/bond_A622.pdf
2026-09-25 11:29:16,ＰＡＹＰＡＬ控股有限公司債券ＩＶ,US70450YAN31,A623,2062/06/01,USD,"88.89
                                            (2026/09/24)","83.40
                                            (2026/09/24)",半年,,5,,,連結,,https://wealth.esunbank.com/zh-tw/offshore-bond/price/chart?bondid=A623,https://wealth.esunbank.com/zh-tw/-/media/ESUNBANK/Files/Wealth/Bonds/bond_A623.pdf
2026-09-25 11:29:16,美林私人有限公司債券ＩＩ,XS2568986751,A625,2029/12/20,USD,"98.93
                                            (2026/09/24)","95.33
                                            (2026/09/24)",月,,2,,,連結,,https://wealth.esunbank.com/zh-tw/offshore-bond/price/chart?bondid=A625,https://wealth.esunbank.com/zh-tw/-/media/ESUNBANK/Files/Wealth/Bonds/bond_a625.pdf
2026-09-25 11:29:16,美林私人有限公司債券ＩＩＩ,XS2564922370,A626,2035/01/18,USD,"94.52
                                            (2026/09/24)","90.42
                                            (2026/09/24)",月,,3,,,連結,,https://wealth.esunbank.com/zh-tw/offshore-bond/price/chart?bondid=A626,https://wealth.esunbank.com/zh-tw/-/media/ESUNBANK/Files/Wealth/Bonds/bond_a626.pdf
2026-09-25 11:29:16,美林私人有限公司債券ＩＶ,XS2569034155,A627,2037/12/20,USD,"97.73
                                            (2023/07/17)","86.26
                                            (2026/09/24)",月,,3,,,連結,,https://wealth.esunbank.com/zh-tw/offshore-bond/price/chart?bondid=A627,https://wealth.esunbank.com/zh-tw/-/media/ESUNBANK/Files/Wealth/Bonds/bond_a627.pdf
2026-09-25 11:29:16,豐田汽車公司債券ＩＩ,US892331AD13,A629,2028/07/20,USD,"100.31
                                            (2026/07/20)","97.49
                                            (2026/09/24)",半年,,3,,,連結,,https://wealth.esunbank.com/zh-tw/offshore-bond/price/chart?bondid=A629,https://wealth.esunbank.com/zh-tw/-/media/ESUNBANK/Files/Wealth/Bonds/bond_a629.pdf
2026-09-25 11:29:16,豐田汽車公司債券ＩＩＩ,US892331AG44,A630,2029/07/02,USD,"95.47
                                            (2026/09/24)","93.45
                                            (2026/09/24)",半年,,3,,,連結,,https://wealth.esunbank.com/zh-tw/offshore-bond/price/chart?bondid=A630,https://wealth.esunbank.com/zh-tw/-/media/ESUNBANK/Files/Wealth/Bonds/bond_a630.pdf
2026-09-25 11:29:16,威瑞森電信公司綠色債券ＶＩ,US92343VGT52,A632,2033/05/09,USD,"98.52
                                            (2026/09/24)","96.22
                                            (2026/09/24)",半年,,3,,,連結,,https://wealth.esunbank.com/zh-tw/offshore-bond/price/chart?bondid=A632,https://wealth.esunbank.com/zh-tw/-/media/ESUNBANK/Files/Wealth/Bonds/bond_a632.pdf
2026-09-25 11:29:16,威瑞森電信公司債券ＶＩＩ,US92343VCV45,A633,2036/01/15,USD,"89.73
                                            (2026/09/24)","86.88
                                            (2026/09/24)",半年,,3,,,連結,,https://wealth.esunbank.com/zh-tw/offshore-bond/price/chart?bondid=A633,https://wealth.esunbank.com/zh-tw/-/media/ESUNBANK/Files/Wealth/Bonds/bond_a633.pdf
2026-09-25 11:29:16,威瑞森電信公司債券ＶＩＩＩ,US92343VCK89,A634,2046/08/21,USD,"86.02
                                            (2026/09/24)","81.19
                                            (2026/09/24)",半年,,3,,,連結,,https://wealth.esunbank.com/zh-tw/offshore-bond/price/chart?bondid=A634,https://wealth.esunbank.com/zh-tw/-/media/ESUNBANK/Files/Wealth/Bonds/bond_a634.pdf
2026-09-25 11:29:16,威瑞森電信公司債券ＩＸ,US92343VFD10,A635,2050/03/22,USD,"75.65
                                            (2026/09/24)","70.74
                                            (2026/09/24)",半年,,3,,,連結,,https://wealth.esunbank.com/zh-tw/offshore-bond/price/chart?bondid=A635,https://wealth.esunbank.com/zh-tw/-/media/ESUNBANK/Files/Wealth/Bonds/bond_a635.pdf
2026-09-25 11:29:16,華特迪士尼公司債券ＩＩＩ,US254687FR23,A636,2040/03/23,USD,"91.70
                                            (2026/09/24)","87.59
                                            (2026/09/24)",半年,,3,,,連結,,https://wealth.esunbank.com/zh-tw/offshore-bond/price/chart?bondid=A636,https://wealth.esunbank.com/zh-tw/-/media/ESUNBANK/Files/Wealth/Bonds/bond_a636.pdf
2026-09-25 11:29:16,華特迪士尼公司債券ＩＶ,US254687FS06,A637,2050/03/23,USD,"87.06
                                            (2026/09/24)","82.21
                                            (2026/09/24)",半年,,3,,,連結,,https://wealth.esunbank.com/zh-tw/offshore-bond/price/chart?bondid=A637,https://wealth.esunbank.com/zh-tw/-/media/ESUNBANK/Files/Wealth/Bonds/bond_a637.pdf
2026-09-25 11:29:16,３Ｍ公司債券ＩＩＩ,US88579YBD22,A638,2048/09/14,USD,"77.75
                                            (2026/09/24)","72.82
                                            (2026/09/24)",半年,,3,,,連結,,https://wealth.esunbank.com/zh-tw/offshore-bond/price/chart?bondid=A638,https://wealth.esunbank.com/zh-tw/-/media/ESUNBANK/Files/Wealth/Bonds/bond_a638.pdf
2026-09-25 11:29:16,輝瑞投資企業債券Ｉ,US716973AE24,A639,2033/05/19,USD,"97.22
                                            (2026/09/24)","94.99
                                            (2026/09/24)",半年,,3,,,連結,,https://wealth.esunbank.com/zh-tw/offshore-bond/price/chart?bondid=A639,https://wealth.esunbank.com/zh-tw/-/media/ESUNBANK/Files/Wealth/Bonds/bond_a639.pdf
2026-09-25 11:29:16,輝瑞投資企業債券ＩＩ,US716973AG71,A640,2053/05/19,USD,"92.47
                                            (2026/09/24)","87.59
                                            (2026/09/24)",半年,,3,,,連結,,https://wealth.esunbank.com/zh-tw/offshore-bond/price/chart?bondid=A640,https://wealth.esunbank.com/zh-tw/-/media/ESUNBANK/Files/Wealth/Bonds/bond_a640.pdf
2026-09-25 11:29:16,蘋果公司債券Ｖ,US037833ET32,A641,2028/05/10,USD,"101.16
                                            (2026/05/21)","98.43
                                            (2026/09/24)",半年,,2,,,連結,,https://wealth.esunbank.com/zh-tw/offshore-bond/price/chart?bondid=A641,https://wealth.esunbank.com/zh-tw/-/media/ESUNBANK/Files/Wealth/Bonds/bond_a641.pdf
2026-09-25 11:29:16,蘋果公司債券ＶＩ,US037833EU05,A642,2030/05/10,USD,"99.00
                                            (2026/09/24)","96.77
                                            (2026/09/24)",半年,,2,,,連結,,https://wealth.esunbank.com/zh-tw/offshore-bond/price/chart?bondid=A642,https://wealth.esunbank.com/zh-tw/-/media/ESUNBANK/Files/Wealth/Bonds/bond_a642.pdf
2026-09-25 11:29:16,蘋果公司債券ＶＩＩ,US037833EV87,A643,2033/05/10,USD,"97.47
                                            (2026/09/24)","95.21
                                            (2026/09/24)",半年,,3,,,連結,,https://wealth.esunbank.com/zh-tw/offshore-bond/price/chart?bondid=A643,https://wealth.esunbank.com/zh-tw/-/media/ESUNBANK/Files/Wealth/Bonds/bond_a643.pdf
2026-09-25 11:29:16,蘋果公司債券ＶＩＩＩ,US037833EW60,A644,2053/05/10,USD,"90.64
                                            (2026/09/24)","85.88
                                            (2026/09/24)",半年,,3,,,連結,,https://wealth.esunbank.com/zh-tw/offshore-bond/price/chart?bondid=A644,https://wealth.esunbank.com/zh-tw/-/media/ESUNBANK/Files/Wealth/Bonds/bond_a644.pdf
2026-09-25 11:29:16,美國運通公司次順位債券ＩＩ,US025816CX59,A646,2033/05/26,USD,"97.49
                                            (2026/09/24)","94.97
                                            (2026/09/24)",半年,,5,,限專業投資人,連結,,https://wealth.esunbank.com/zh-tw/offshore-bond/price/chart?bondid=A646,https://wealth.esunbank.com/zh-tw/-/media/ESUNBANK/Files/Wealth/Bonds/bond_A646.pdf
2026-09-25 11:29:16,美國運通公司債券ＩＩＩ,US025816DF35,A647,2034/05/01,USD,"98.64
                                            (2026/09/24)","95.73
                                            (2026/09/24)",半年,,3,,,連結,,https://wealth.esunbank.com/zh-tw/offshore-bond/price/chart?bondid=A647,https://wealth.esunbank.com/zh-tw/-/media/ESUNBANK/Files/Wealth/Bonds/bond_A647.pdf
2026-09-25 11:29:16,雅詩蘭黛公司債券Ｉ,US29736RAS94,A648,2028/05/15,USD,"101.20
                                            (2026/05/22)","98.58
                                            (2026/09/24)",半年,,3,,,連結,,https://wealth.esunbank.com/zh-tw/offshore-bond/price/chart?bondid=A648,https://wealth.esunbank.com/zh-tw/-/media/ESUNBANK/Files/Wealth/Bonds/bond_A648.pdf
2026-09-25 11:29:16,雅詩蘭黛公司債券ＩＩ,US29736RAT77,A649,2033/05/15,USD,"96.69
                                            (2026/09/24)","93.84
                                            (2026/09/24)",半年,,3,,,連結,,https://wealth.esunbank.com/zh-tw/offshore-bond/price/chart?bondid=A649,https://wealth.esunbank.com/zh-tw/-/media/ESUNBANK/Files/Wealth/Bonds/bond_A649.pdf
2026-09-25 11:29:16,雅詩蘭黛公司債券ＩＩＩ,US29736RAU41,A650,2053/05/15,USD,"90.55
                                            (2026/09/24)","84.93
                                            (2026/09/24)",半年,,3,,,連結,,https://wealth.esunbank.com/zh-tw/offshore-bond/price/chart?bondid=A650,https://wealth.esunbank.com/zh-tw/-/media/ESUNBANK/Files/Wealth/Bonds/bond_A650.pdf
2026-09-25 11:29:16,微狄亞視訊公司債券ＩＩ,US67066GAG91,A651,2040/04/01,USD,"80.99
                                            (2026/09/24)","76.71
                                            (2026/09/24)",半年,,3,,,連結,,https://wealth.esunbank.com/zh-tw/offshore-bond/price/chart?bondid=A651,https://wealth.esunbank.com/zh-tw/-/media/ESUNBANK/Files/Wealth/Bonds/bond_A651.pdf
2026-09-25 11:29:16,微狄亞視訊公司債券ＩＩＩ,US67066GAH74,A652,2050/04/01,USD,"70.83
                                            (2026/09/24)","65.74
                                            (2026/09/24)",半年,,3,,,連結,,https://wealth.esunbank.com/zh-tw/offshore-bond/price/chart?bondid=A652,https://wealth.esunbank.com/zh-tw/-/media/ESUNBANK/Files/Wealth/Bonds/bond_A652.pdf
2026-09-25 11:29:16,美國運通公司債券ＩＶ,US025816DB21,A654,2027/11/05,USD,"101.76
                                            (2026/09/24)","100.78
                                            (2026/09/24)",半年,,3,,,連結,,https://wealth.esunbank.com/zh-tw/offshore-bond/price/chart?bondid=A654,https://wealth.esunbank.com/zh-tw/-/media/ESUNBANK/Files/Wealth/Bonds/bond_A654.pdf
2026-09-25 11:29:16,英特爾公司綠色債券Ｉ,US458140CA64,A655,2032/08/05,USD,"93.94
                                            (2026/09/24)","91.63
                                            (2026/09/24)",半年,,4,,限專業投資人,連結,,https://wealth.esunbank.com/zh-tw/offshore-bond/price/chart?bondid=A655,https://wealth.esunbank.com/zh-tw/-/media/ESUNBANK/Files/Wealth/Bonds/bond_A655.pdf
2026-09-25 11:29:16,美國公債ＶＩＩ,US912810QN19,A656,2041/02/15,USD,"96.58
                                            (2026/09/24)","94.13
                                            (2026/09/24)",半年,,3,,,連結,,https://wealth.esunbank.com/zh-tw/offshore-bond/price/chart?bondid=A656,https://wealth.esunbank.com/zh-tw/-/media/ESUNBANK/Files/Wealth/Bonds/bond_A656.pdf
2026-09-25 11:29:16,豐田汽車公司永續發展債券Ｖ,US892331AQ26,A658,2028/07/13,USD,"102.62
                                            (2026/08/03)","99.75
                                            (2026/09/24)",半年,,3,,,連結,,https://wealth.esunbank.com/zh-tw/offshore-bond/price/chart?bondid=A658,https://wealth.esunbank.com/zh-tw/-/media/ESUNBANK/Files/Wealth/Bonds/bond_A658.pdf
2026-09-25 11:29:16,豐田汽車公司永續發展債券ＶＩ,US892331AR09,A659,2033/07/13,USD,"100.30
                                            (2026/09/24)","97.66
                                            (2026/09/24)",半年,,3,,,連結,,https://wealth.esunbank.com/zh-tw/offshore-bond/price/chart?bondid=A659,https://wealth.esunbank.com/zh-tw/-/media/ESUNBANK/Files/Wealth/Bonds/bond_A659.pdf
2026-09-25 11:29:16,沙烏地阿拉伯王國公債Ｖ,XS2577136109,A661,2053/01/18,USD,"84.84
                                            (2026/09/24)","79.54
                                            (2026/09/24)",半年,,3,,,連結,,https://wealth.esunbank.com/zh-tw/offshore-bond/price/chart?bondid=A661,https://wealth.esunbank.com/zh-tw/-/media/ESUNBANK/Files/Wealth/Bonds/bond_A661.pdf
2026-09-25 11:29:16,沙烏地阿拉伯王國公債ＶＩ,XS2577135127,A662,2033/07/18,USD,"97.66
                                            (2026/09/24)","94.96
                                            (2026/09/24)",半年,,3,,,連結,,https://wealth.esunbank.com/zh-tw/offshore-bond/price/chart?bondid=A662,https://wealth.esunbank.com/zh-tw/-/media/ESUNBANK/Files/Wealth/Bonds/bond_A662.pdf
2026-09-25 11:29:16,康卡斯特公司綠色債券ＩＶ,US20030NEC11,A664,2033/02/15,USD,"95.34
                                            (2026/09/24)","93.00
                                            (2026/09/24)",半年,,3,,,連結,,https://wealth.esunbank.com/zh-tw/offshore-bond/price/chart?bondid=A664,https://wealth.esunbank.com/zh-tw/-/media/ESUNBANK/Files/Wealth/Bonds/bond_A664.pdf
2026-09-25 11:29:16,美國公債ＶＩＩＩ,US912810FJ26,A665,2029/08/15,USD,"104.12
                                            (2026/09/24)","102.77
                                            (2026/09/24)",半年,,2,,,連結,,https://wealth.esunbank.com/zh-tw/offshore-bond/price/chart?bondid=A665,https://wealth.esunbank.com/zh-tw/-/media/ESUNBANK/Files/Wealth/Bonds/bond_A665.pdf
2026-09-25 11:29:16,瑞士銀行公司（倫敦）債券ＩＩＩ,XS2522406839,A666,2038/11/15,AUD,"101.88
                                            (2025/07/16)","83.75
                                            (2026/09/24)",月,,4,,,連結,,https://wealth.esunbank.com/zh-tw/offshore-bond/price/chart?bondid=A666,https://wealth.esunbank.com/zh-tw/-/media/ESUNBANK/Files/Wealth/Bonds/bond_A666.pdf
2026-09-25 11:29:16,嬌生公司債券ＩＩＩ,US478160CF96,A667,2037/03/03,USD,"87.76
                                            (2026/09/24)","84.81
                                            (2026/09/24)",半年,,3,,,連結,,https://wealth.esunbank.com/zh-tw/offshore-bond/price/chart?bondid=A667,https://wealth.esunbank.com/zh-tw/-/media/ESUNBANK/Files/Wealth/Bonds/bond_A667.pdf
2026-09-25 11:29:16,嬌生公司債券ＩＶ,US478160CM48,A668,2048/01/15,USD,"74.92
                                            (2026/09/24)","70.02
                                            (2026/09/24)",半年,,3,,,連結,,https://wealth.esunbank.com/zh-tw/offshore-bond/price/chart?bondid=A668,https://wealth.esunbank.com/zh-tw/-/media/ESUNBANK/Files/Wealth/Bonds/bond_A668.pdf
2026-09-25 11:29:16,微軟公司債券Ｖ,US594918AM64,A669,2041/02/08,USD,"100.45
                                            (2026/09/24)","96.10
                                            (2026/09/24)",半年,,3,,,連結,,https://wealth.esunbank.com/zh-tw/offshore-bond/price/chart?bondid=A669,https://wealth.esunbank.com/zh-tw/-/media/ESUNBANK/Files/Wealth/Bonds/bond_A669.pdf
2026-09-25 11:29:16,微軟公司債券ＶＩ,US594918CA09,A670,2047/02/06,USD,"84.01
                                            (2026/09/24)","78.87
                                            (2026/09/24)",半年,,3,,,連結,,https://wealth.esunbank.com/zh-tw/offshore-bond/price/chart?bondid=A670,https://wealth.esunbank.com/zh-tw/-/media/ESUNBANK/Files/Wealth/Bonds/bond_A670.pdf
2026-09-25 11:29:16,美國公債ＩＸ,US912810PU60,A671,2037/05/15,USD,"101.26
                                            (2026/09/24)","99.34
                                            (2026/09/24)",半年,,3,,,連結,,https://wealth.esunbank.com/zh-tw/offshore-bond/price/chart?bondid=A671,https://wealth.esunbank.com/zh-tw/-/media/ESUNBANK/Files/Wealth/Bonds/bond_A671.pdf
2026-09-25 11:29:16,美國公債Ｘ,US912810PX00,A672,2038/05/15,USD,"96.52
                                            (2026/09/24)","94.48
                                            (2026/09/24)",半年,,3,,,連結,,https://wealth.esunbank.com/zh-tw/offshore-bond/price/chart?bondid=A672,https://wealth.esunbank.com/zh-tw/-/media/ESUNBANK/Files/Wealth/Bonds/bond_A672.pdf
2026-09-25 11:29:16,美國公債ＸＩ,US912810QE10,A673,2040/02/15,USD,"95.98
                                            (2026/09/24)","93.80
                                            (2026/09/24)",半年,,3,,,連結,,https://wealth.esunbank.com/zh-tw/offshore-bond/price/chart?bondid=A673,https://wealth.esunbank.com/zh-tw/-/media/ESUNBANK/Files/Wealth/Bonds/bond_A673.pdf
2026-09-25 11:29:16,美國公債ＸＩＩ,US912810TM09,A674,2042/11/15,USD,"87.07
                                            (2026/09/24)","84.68
                                            (2026/09/24)",半年,,3,,,連結,,https://wealth.esunbank.com/zh-tw/offshore-bond/price/chart?bondid=A674,https://wealth.esunbank.com/zh-tw/-/media/ESUNBANK/Files/Wealth/Bonds/bond_A674.pdf
2026-09-25 11:29:16,美國公債ＸＩＩＩ,US912810TU25,A675,2043/08/15,USD,"90.64
                                            (2026/09/24)","88.20
                                            (2026/09/24)",半年,,3,,,連結,,https://wealth.esunbank.com/zh-tw/offshore-bond/price/chart?bondid=A675,https://wealth.esunbank.com/zh-tw/-/media/ESUNBANK/Files/Wealth/Bonds/bond_A675.pdf
2026-09-25 11:29:16,美國公債ＸＩＶ,US912810SF66,A676,2049/02/15,USD,"70.61
                                            (2026/09/24)","67.70
                                            (2026/09/24)",半年,,3,,,連結,,https://wealth.esunbank.com/zh-tw/offshore-bond/price/chart?bondid=A676,https://wealth.esunbank.com/zh-tw/-/media/ESUNBANK/Files/Wealth/Bonds/bond_A676.pdf
2026-09-25 11:29:16,美國公債ＸＶ,US912810SN90,A677,2050/05/15,USD,"47.02
                                            (2026/09/24)","43.90
                                            (2026/09/24)",半年,,3,,,連結,,https://wealth.esunbank.com/zh-tw/offshore-bond/price/chart?bondid=A677,https://wealth.esunbank.com/zh-tw/-/media/ESUNBANK/Files/Wealth/Bonds/bond_A677.pdf
2026-09-25 11:29:16,美國公債ＸＶＩ,US912810TN81,A678,2053/02/15,USD,"77.50
                                            (2026/09/24)","74.13
                                            (2026/09/24)",半年,,3,,,連結,,https://wealth.esunbank.com/zh-tw/offshore-bond/price/chart?bondid=A678,https://wealth.esunbank.com/zh-tw/-/media/ESUNBANK/Files/Wealth/Bonds/bond_A678.pdf
2026-09-25 11:29:16,瑞士銀行公司（倫敦）債券Ｖ,XS2522359905,A681,2034/01/15,USD,"96.65
                                            (2026/09/24)","93.65
                                            (2026/09/24)",季,,3,,,連結,,https://wealth.esunbank.com/zh-tw/offshore-bond/price/chart?bondid=A681,https://wealth.esunbank.com/zh-tw/-/media/ESUNBANK/Files/Wealth/Bonds/bond_A681.pdf
2026-09-25 11:29:16,英特爾公司債券ＩＩ,US458140CF51,A682,2030/02/10,USD,"100.59
                                            (2026/09/24)","98.56
                                            (2026/09/24)",半年,,4,,限專業投資人,連結,,https://wealth.esunbank.com/zh-tw/offshore-bond/price/chart?bondid=A682,https://wealth.esunbank.com/zh-tw/-/media/ESUNBANK/Files/Wealth/Bonds/bond_A682.pdf
2026-09-25 11:29:16,英特爾公司債券ＩＩＩ,US458140CG35,A683,2033/02/10,USD,"98.77
                                            (2026/09/24)","96.51
                                            (2026/09/24)",半年,,4,,限專業投資人,連結,,https://wealth.esunbank.com/zh-tw/offshore-bond/price/chart?bondid=A683,https://wealth.esunbank.com/zh-tw/-/media/ESUNBANK/Files/Wealth/Bonds/bond_A683.pdf
2026-09-25 11:29:16,英特爾公司債券ＩＶ,US458140CH18,A684,2043/02/10,USD,"94.11
                                            (2026/09/24)","90.79
                                            (2026/09/24)",半年,,4,,限專業投資人,連結,,https://wealth.esunbank.com/zh-tw/offshore-bond/price/chart?bondid=A684,https://wealth.esunbank.com/zh-tw/-/media/ESUNBANK/Files/Wealth/Bonds/bond_A684.pdf
2026-09-25 11:29:16,瑞士銀行公司（倫敦）債券ＶＩ,XS2522266134,A685,2044/02/15,USD,"88.36
                                            (2026/09/24)","82.16
                                            (2026/09/24)",月,,3,,,連結,,https://wealth.esunbank.com/zh-tw/offshore-bond/price/chart?bondid=A685,https://wealth.esunbank.com/zh-tw/-/media/ESUNBANK/Files/Wealth/Bonds/bond_A685.pdf
2026-09-25 11:29:16,蘋果公司綠色債券ＩＸ,US037833CX61,A686,2027/06/20,USD,"99.95
                                            (2025/11/13)","98.70
                                            (2026/09/24)",半年,,2,,,連結,,https://wealth.esunbank.com/zh-tw/offshore-bond/price/chart?bondid=A686,https://wealth.esunbank.com/zh-tw/-/media/ESUNBANK/Files/Wealth/Bonds/bond_A686.pdf
2026-09-25 11:29:16,蘋果公司Ｘ,US037833DB33,A687,2027/09/12,USD,"99.86
                                            (2025/09/11)","98.16
                                            (2026/09/24)",半年,,2,,,連結,,https://wealth.esunbank.com/zh-tw/offshore-bond/price/chart?bondid=A687,https://wealth.esunbank.com/zh-tw/-/media/ESUNBANK/Files/Wealth/Bonds/bond_A687.pdf
2026-09-25 11:29:16,蘋果公司ＸＩ,US037833EH93,A688,2028/08/05,USD,"95.72
                                            (2026/07/02)","93.70
                                            (2026/09/24)",半年,,2,,,連結,,https://wealth.esunbank.com/zh-tw/offshore-bond/price/chart?bondid=A688,https://wealth.esunbank.com/zh-tw/-/media/ESUNBANK/Files/Wealth/Bonds/bond_A688.pdf
2026-09-25 11:29:16,蘋果公司ＸＩＩ,US037833DP29,A689,2029/09/11,USD,"95.66
                                            (2026/07/21)","92.24
                                            (2026/09/24)",半年,,2,,,連結,,https://wealth.esunbank.com/zh-tw/offshore-bond/price/chart?bondid=A689,https://wealth.esunbank.com/zh-tw/-/media/ESUNBANK/Files/Wealth/Bonds/bond_A689.pdf
2026-09-25 11:29:16,蘋果公司ＸＩＩＩ,US037833EJ59,A690,2031/08/05,USD,"87.09
                                            (2026/09/24)","84.89
                                            (2026/09/24)",半年,,2,,,連結,,https://wealth.esunbank.com/zh-tw/offshore-bond/price/chart?bondid=A690,https://wealth.esunbank.com/zh-tw/-/media/ESUNBANK/Files/Wealth/Bonds/bond_A690.pdf
2026-09-25 11:29:16,蘋果公司ＸＩＶ,US037833EE62,A691,2041/02/08,USD,"70.39
                                            (2026/09/24)","66.50
                                            (2026/09/24)",半年,,3,,,連結,,https://wealth.esunbank.com/zh-tw/offshore-bond/price/chart?bondid=A691,https://wealth.esunbank.com/zh-tw/-/media/ESUNBANK/Files/Wealth/Bonds/bond_A691.pdf
2026-09-25 11:29:16,蘋果公司ＸＶ,US037833BH21,A692,2045/05/13,USD,"85.94
                                            (2026/09/24)","81.09
                                            (2026/09/24)",半年,,3,,,連結,,https://wealth.esunbank.com/zh-tw/offshore-bond/price/chart?bondid=A692,https://wealth.esunbank.com/zh-tw/-/media/ESUNBANK/Files/Wealth/Bonds/bond_A692.pdf
2026-09-25 11:29:16,蘋果公司ＸＶＩ,US037833BX70,A693,2046/02/23,USD,"89.01
                                            (2026/09/24)","84.15
                                            (2026/09/24)",半年,,3,,,連結,,https://wealth.esunbank.com/zh-tw/offshore-bond/price/chart?bondid=A693,https://wealth.esunbank.com/zh-tw/-/media/ESUNBANK/Files/Wealth/Bonds/bond_A693.pdf
2026-09-25 11:29:16,蘋果公司ＸＶＩＩ,US037833DQ02,A694,2049/09/11,USD,"65.68
                                            (2026/09/24)","60.85
                                            (2026/09/24)",半年,,3,,,連結,,https://wealth.esunbank.com/zh-tw/offshore-bond/price/chart?bondid=A694,https://wealth.esunbank.com/zh-tw/-/media/ESUNBANK/Files/Wealth/Bonds/bond_A694.pdf
2026-09-25 11:29:16,蘋果公司ＸＶＩＩＩ,US037833EG11,A695,2061/02/08,USD,"57.36
                                            (2026/09/24)","52.21
                                            (2026/09/24)",半年,,5,,,連結,,https://wealth.esunbank.com/zh-tw/offshore-bond/price/chart?bondid=A695,https://wealth.esunbank.com/zh-tw/-/media/ESUNBANK/Files/Wealth/Bonds/bond_A695.pdf
2026-09-25 11:29:16,嬌生公司債券Ｖ,US478160AN49,A696,2037/08/15,USD,"107.11
                                            (2026/09/24)","103.70
                                            (2026/09/24)",半年,,3,,,連結,,https://wealth.esunbank.com/zh-tw/offshore-bond/price/chart?bondid=A696,https://wealth.esunbank.com/zh-tw/-/media/ESUNBANK/Files/Wealth/Bonds/bond_A696.pdf
2026-09-25 11:29:16,嬌生公司債券ＶＩ,US478160AV64,A697,2040/09/01,USD,"92.65
                                            (2026/09/24)","88.44
                                            (2026/09/24)",半年,,3,,,連結,,https://wealth.esunbank.com/zh-tw/offshore-bond/price/chart?bondid=A697,https://wealth.esunbank.com/zh-tw/-/media/ESUNBANK/Files/Wealth/Bonds/bond_A697.pdf
2026-09-25 11:29:16,美國公債ＸＶＩＩ,US91282CGJ45,A698,2030/01/31,USD,"96.16
                                            (2026/09/24)","95.34
                                            (2026/09/24)",半年,,2,,,連結,,https://wealth.esunbank.com/zh-tw/offshore-bond/price/chart?bondid=A698,https://wealth.esunbank.com/zh-tw/-/media/ESUNBANK/Files/Wealth/Bonds/bond_A698.pdf
2026-09-25 11:29:16,美國公債ＸＶＩＩＩ,US91282CFF32,A699,2032/08/15,USD,"89.47
                                            (2026/09/24)","88.32
                                            (2026/09/24)",半年,,2,,,連結,,https://wealth.esunbank.com/zh-tw/offshore-bond/price/chart?bondid=A699,https://wealth.esunbank.com/zh-tw/-/media/ESUNBANK/Files/Wealth/Bonds/bond_A699.pdf
2026-09-25 11:29:16,美國公債ＸＩＸ,US912810TC27,A700,2041/11/15,USD,"67.21
                                            (2026/09/24)","65.07
                                            (2026/09/24)",半年,,3,,,連結,,https://wealth.esunbank.com/zh-tw/offshore-bond/price/chart?bondid=A700,https://wealth.esunbank.com/zh-tw/-/media/ESUNBANK/Files/Wealth/Bonds/bond_A700.pdf
2026-09-25 11:29:16,美國公債ＸＸ,US912810SE91,A701,2048/11/15,USD,"75.60
                                            (2026/09/24)","72.70
                                            (2026/09/24)",半年,,3,,,連結,,https://wealth.esunbank.com/zh-tw/offshore-bond/price/chart?bondid=A701,https://wealth.esunbank.com/zh-tw/-/media/ESUNBANK/Files/Wealth/Bonds/bond_A701.pdf
2026-09-25 11:29:16,美國公債ＸＸＩ,US912810TL26,A702,2052/11/15,USD,"82.68
                                            (2026/09/24)","79.47
                                            (2026/09/24)",半年,,3,,,連結,,https://wealth.esunbank.com/zh-tw/offshore-bond/price/chart?bondid=A702,https://wealth.esunbank.com/zh-tw/-/media/ESUNBANK/Files/Wealth/Bonds/bond_A702.pdf
2026-09-25 11:29:16,美國公債ＸＸＩＩ,US912810TR95,A703,2053/05/15,USD,"77.52
                                            (2026/09/24)","74.06
                                            (2026/09/24)",半年,,3,,,連結,,https://wealth.esunbank.com/zh-tw/offshore-bond/price/chart?bondid=A703,https://wealth.esunbank.com/zh-tw/-/media/ESUNBANK/Files/Wealth/Bonds/bond_A703.pdf
2026-09-25 11:29:16,美國公債ＸＸＩＩＩ,US912810TT51,A704,2053/08/15,USD,"84.50
                                            (2026/09/24)","81.06
                                            (2026/09/24)",半年,,3,,,連結,,https://wealth.esunbank.com/zh-tw/offshore-bond/price/chart?bondid=A704,https://wealth.esunbank.com/zh-tw/-/media/ESUNBANK/Files/Wealth/Bonds/bond_A704.pdf
2026-09-25 11:29:16,微軟公司債券ＶＩＩ,US594918BC73,A705,2035/02/12,USD,"90.48
                                            (2026/09/24)","87.58
                                            (2026/09/24)",半年,,3,,,連結,,https://wealth.esunbank.com/zh-tw/offshore-bond/price/chart?bondid=A705,https://wealth.esunbank.com/zh-tw/-/media/ESUNBANK/Files/Wealth/Bonds/bond_A705.pdf
2026-09-25 11:29:16,微軟公司債券ＶＩＩＩ,US594918CD48,A706,2060/06/01,USD,"55.48
                                            (2026/09/24)","50.28
                                            (2026/09/24)",半年,,5,,,連結,,https://wealth.esunbank.com/zh-tw/offshore-bond/price/chart?bondid=A706,https://wealth.esunbank.com/zh-tw/-/media/ESUNBANK/Files/Wealth/Bonds/bond_A706.pdf
2026-09-25 11:29:16,聯合健康集團公司債券Ｉ,US91324PEQ19,A707,2030/02/15,USD,"101.65
                                            (2026/09/24)","99.48
                                            (2026/09/24)",半年,,3,,,連結,,https://wealth.esunbank.com/zh-tw/offshore-bond/price/chart?bondid=A707,https://wealth.esunbank.com/zh-tw/-/media/ESUNBANK/Files/Wealth/Bonds/bond_A707.pdf
2026-09-25 11:29:16,聯合健康集團公司債券ＩＩ,US91324PCQ37,A708,2035/07/15,USD,"94.69
                                            (2026/09/24)","91.77
                                            (2026/09/24)",半年,,3,,,連結,,https://wealth.esunbank.com/zh-tw/offshore-bond/price/chart?bondid=A708,https://wealth.esunbank.com/zh-tw/-/media/ESUNBANK/Files/Wealth/Bonds/bond_A708.pdf
2026-09-25 11:29:16,聯合健康集團公司債券ＩＩＩ,US91324PBK75,A709,2038/02/15,USD,"110.43
                                            (2026/09/24)","107.02
                                            (2026/09/24)",半年,,3,,,連結,,https://wealth.esunbank.com/zh-tw/offshore-bond/price/chart?bondid=A709,https://wealth.esunbank.com/zh-tw/-/media/ESUNBANK/Files/Wealth/Bonds/bond_A709.pdf
2026-09-25 11:29:16,聯合健康集團公司債券ＩＶ,US91324PDT66,A710,2039/08/15,USD,"80.79
                                            (2026/09/24)","77.17
                                            (2026/09/24)",半年,,3,,,連結,,https://wealth.esunbank.com/zh-tw/offshore-bond/price/chart?bondid=A710,https://wealth.esunbank.com/zh-tw/-/media/ESUNBANK/Files/Wealth/Bonds/bond_A710.pdf
2026-09-25 11:29:16,聯合健康集團公司債券Ｖ,US91324PBU57,A711,2041/11/15,USD,"88.71
                                            (2026/09/24)","84.25
                                            (2026/09/24)",半年,,3,,,連結,,https://wealth.esunbank.com/zh-tw/offshore-bond/price/chart?bondid=A711,https://wealth.esunbank.com/zh-tw/-/media/ESUNBANK/Files/Wealth/Bonds/bond_A711.pdf
2026-09-25 11:29:16,聯合健康集團公司債券ＶＩ,US91324PCD24,A712,2043/03/15,USD,"84.41
                                            (2026/09/24)","79.98
                                            (2026/09/24)",半年,,3,,,連結,,https://wealth.esunbank.com/zh-tw/offshore-bond/price/chart?bondid=A712,https://wealth.esunbank.com/zh-tw/-/media/ESUNBANK/Files/Wealth/Bonds/bond_A712.pdf
2026-09-25 11:29:16,聯合健康集團公司債券ＶＩＩ,US91324PCR10,A713,2045/07/15,USD,"87.93
                                            (2026/09/24)","83.03
                                            (2026/09/24)",半年,,3,,,連結,,https://wealth.esunbank.com/zh-tw/offshore-bond/price/chart?bondid=A713,https://wealth.esunbank.com/zh-tw/-/media/ESUNBANK/Files/Wealth/Bonds/bond_A713.pdf
2026-09-25 11:29:16,聯合健康集團公司債券ＶＩＩＩ,US91324PDU30,A714,2049/08/15,USD,"72.93
                                            (2026/09/24)","68.09
                                            (2026/09/24)",半年,,3,,,連結,,https://wealth.esunbank.com/zh-tw/offshore-bond/price/chart?bondid=A714,https://wealth.esunbank.com/zh-tw/-/media/ESUNBANK/Files/Wealth/Bonds/bond_A714.pdf
2026-09-25 11:29:16,聯合健康集團公司債券ＩＸ,US91324PEK49,A715,2052/05/15,USD,"84.83
                                            (2026/09/24)","80.01
                                            (2026/09/24)",半年,,3,,,連結,,https://wealth.esunbank.com/zh-tw/offshore-bond/price/chart?bondid=A715,https://wealth.esunbank.com/zh-tw/-/media/ESUNBANK/Files/Wealth/Bonds/bond_A715.pdf
2026-09-25 11:29:16,聯合健康集團公司債券Ｘ,US91324PES74,A716,2053/02/15,USD,"98.70
                                            (2026/09/24)","93.60
                                            (2026/09/24)",半年,,3,,,連結,,https://wealth.esunbank.com/zh-tw/offshore-bond/price/chart?bondid=A716,https://wealth.esunbank.com/zh-tw/-/media/ESUNBANK/Files/Wealth/Bonds/bond_A716.pdf
2026-09-25 11:29:16,聯合健康集團公司債券ＸＩ,US91324PEW86,A717,2053/04/15,USD,"88.33
                                            (2026/09/24)","83.39
                                            (2026/09/24)",半年,,3,,,連結,,https://wealth.esunbank.com/zh-tw/offshore-bond/price/chart?bondid=A717,https://wealth.esunbank.com/zh-tw/-/media/ESUNBANK/Files/Wealth/Bonds/bond_A717.pdf
2026-09-25 11:29:16,美林私人有限公司債券ＶＩ,XS2711530076,A718,2044/02/01,AUD,"92.46
                                            (2026/09/24)","86.26
                                            (2026/09/24)",月,,4,,,連結,,https://wealth.esunbank.com/zh-tw/offshore-bond/price/chart?bondid=A718,https://wealth.esunbank.com/zh-tw/-/media/ESUNBANK/Files/Wealth/Bonds/bond_A718.pdf
2026-09-25 11:29:16,美林私人有限公司債券ＶＩＩ,XS2711531553,A719,2034/01/25,CNY,"104.72
                                            (2025/08/04)","98.93
                                            (2026/09/24)",半年,,3,,,連結,,https://wealth.esunbank.com/zh-tw/offshore-bond/price/chart?bondid=A719,https://wealth.esunbank.com/zh-tw/-/media/ESUNBANK/Files/Wealth/Bonds/bond_A719.pdf
2026-09-25 11:29:16,威瑞森電信公司綠色債券Ｘ,US92343VGW81,A720,2054/02/23,USD,"92.07
                                            (2026/09/24)","86.77
                                            (2026/09/24)",半年,,3,,,連結,,https://wealth.esunbank.com/zh-tw/offshore-bond/price/chart?bondid=A720,https://wealth.esunbank.com/zh-tw/-/media/ESUNBANK/Files/Wealth/Bonds/bond_A720.pdf
2026-09-25 11:29:16,高盛金融公司國際有限公司債券ＩＶ,XS2688994644,A721,2032/03/01,USD,"104.64
                                            (2025/08/26)","96.90
                                            (2026/09/24)",月,,3,,,連結,,https://wealth.esunbank.com/zh-tw/offshore-bond/price/chart?bondid=A721,https://wealth.esunbank.com/zh-tw/-/media/ESUNBANK/Files/Wealth/Bonds/bond_A721.pdf
2026-09-25 11:29:16,摩根士丹利金融有限責任公司債券ＶＩ,XS2641755348,A722,2039/02/26,ZAR,"110.75
                                            (2026/09/24)","105.62
                                            (2026/09/24)",季,,4,,,連結,,https://wealth.esunbank.com/zh-tw/offshore-bond/price/chart?bondid=A722,https://wealth.esunbank.com/zh-tw/-/media/ESUNBANK/Files/Wealth/Bonds/bond_A722.pdf
2026-09-25 11:29:16,美國公債ＸＸＩＶ,US91282CJF95,A724,2028/10/31,USD,"100.56
                                            (2026/09/24)","99.80
                                            (2026/09/24)",半年,,2,,,連結,,https://wealth.esunbank.com/zh-tw/offshore-bond/price/chart?bondid=A724,https://wealth.esunbank.com/zh-tw/-/media/ESUNBANK/Files/Wealth/Bonds/bond_A724.pdf
2026-09-25 11:29:16,沙烏地阿拉伯王國公債ＶＩＩ,XS2548892020,A725,2032/10/25,USD,"101.26
                                            (2026/09/24)","98.75
                                            (2026/09/24)",半年,,3,,,連結,,https://wealth.esunbank.com/zh-tw/offshore-bond/price/chart?bondid=A725,https://wealth.esunbank.com/zh-tw/-/media/ESUNBANK/Files/Wealth/Bonds/bond_A725.pdf
2026-09-25 11:29:16,美國運通公司永續發展債券Ｖ,US025816CW76,A726,2029/05/03,USD,"98.69
                                            (2026/09/24)","97.12
                                            (2026/09/24)",半年,,3,,,連結,,https://wealth.esunbank.com/zh-tw/offshore-bond/price/chart?bondid=A726,https://wealth.esunbank.com/zh-tw/-/media/ESUNBANK/Files/Wealth/Bonds/bond_A726.pdf
2026-09-25 11:29:16,高盛金融公司國際有限公司債券Ｖ,XS2688646368,A727,2029/05/01,USD,"101.50
                                            (2026/09/24)","98.59
                                            (2026/09/24)",季,,3,,,連結,,https://wealth.esunbank.com/zh-tw/offshore-bond/price/chart?bondid=A727,https://wealth.esunbank.com/zh-tw/-/media/ESUNBANK/Files/Wealth/Bonds/bond_A727.pdf
2026-09-25 11:29:16,寶馬美國資本有限責任公司債券ＩＩ,USU09513JV24,A729,2027/04/02,USD,"102.39
                                            (2025/11/21)","99.82
                                            (2026/09/24)",半年,,3,,,連結,,https://wealth.esunbank.com/zh-tw/offshore-bond/price/chart?bondid=A729,https://wealth.esunbank.com/zh-tw/-/media/ESUNBANK/Files/Wealth/Bonds/bond_A729.pdf
2026-09-25 11:29:16,寶馬美國資本有限責任公司債券ＩＩＩ,USU09513JW07,A730,2029/04/02,USD,"100.20
                                            (2026/09/24)","98.44
                                            (2026/09/24)",半年,,3,,,連結,,https://wealth.esunbank.com/zh-tw/offshore-bond/price/chart?bondid=A730,https://wealth.esunbank.com/zh-tw/-/media/ESUNBANK/Files/Wealth/Bonds/bond_A730.pdf
2026-09-25 11:29:16,寶馬美國資本有限責任公司債券ＩＶ,USU09513JX89,A731,2034/04/02,USD,"98.51
                                            (2026/09/15)","94.64
                                            (2026/09/24)",半年,,3,,,連結,,https://wealth.esunbank.com/zh-tw/offshore-bond/price/chart?bondid=A731,https://wealth.esunbank.com/zh-tw/-/media/ESUNBANK/Files/Wealth/Bonds/bond_A731.pdf
2026-09-25 11:29:16,梅賽德斯－賓士金融北美有限責任公司債券ＩＩ,USU5876JAS43,A732,2034/01/11,USD,"96.42
                                            (2026/09/24)","94.00
                                            (2026/09/24)",半年,,3,,,連結,,https://wealth.esunbank.com/zh-tw/offshore-bond/price/chart?bondid=A732,https://wealth.esunbank.com/zh-tw/-/media/ESUNBANK/Files/Wealth/Bonds/bond_A732.pdf
2026-09-25 11:29:16,福斯集團美國金融公司債券ＩＩ,USU9273AED38,A733,2034/03/22,USD,"97.89
                                            (2026/09/24)","95.43
                                            (2026/09/24)",半年,,3,,,連結,,https://wealth.esunbank.com/zh-tw/offshore-bond/price/chart?bondid=A733,https://wealth.esunbank.com/zh-tw/-/media/ESUNBANK/Files/Wealth/Bonds/bond_A733.pdf
2026-09-25 11:29:16,豐田汽車信貸公司債券Ｉ,US89236TMF92,A734,2029/05/16,USD,"100.85
                                            (2026/09/24)","99.28
                                            (2026/09/24)",半年,,3,,,連結,,https://wealth.esunbank.com/zh-tw/offshore-bond/price/chart?bondid=A734,https://wealth.esunbank.com/zh-tw/-/media/ESUNBANK/Files/Wealth/Bonds/bond_A734.pdf
2026-09-25 11:29:16,ＦＩＢＥＲＣＯＰ　ＳＰＡ債券Ｉ,XS2806380056,A736,2034/09/30,USD,"96.83
                                            (2025/03/07)","94.49
                                            (2026/09/24)",半年,,5,,限專業投資人,連結,,https://wealth.esunbank.com/zh-tw/offshore-bond/price/chart?bondid=A736,https://wealth.esunbank.com/zh-tw/-/media/ESUNBANK/Files/Wealth/Bonds/bond_A736.pdf
2026-09-25 11:29:16,禮來公司債券Ｉ,US532457CK20,A737,2029/02/09,USD,"100.16
                                            (2026/09/24)","98.60
                                            (2026/09/24)",半年,,2,,,連結,,https://wealth.esunbank.com/zh-tw/offshore-bond/price/chart?bondid=A737,https://wealth.esunbank.com/zh-tw/-/media/ESUNBANK/Files/Wealth/Bonds/bond_A737.pdf
2026-09-25 11:29:16,禮來公司債券ＩＩ,US532457CF35,A738,2033/02/27,USD,"98.20
                                            (2026/09/24)","95.94
                                            (2026/09/24)",半年,,3,,,連結,,https://wealth.esunbank.com/zh-tw/offshore-bond/price/chart?bondid=A738,https://wealth.esunbank.com/zh-tw/-/media/ESUNBANK/Files/Wealth/Bonds/bond_A738.pdf
2026-09-25 11:29:16,禮來公司債券ＩＩＩ,US532457CL03,A739,2034/02/09,USD,"97.15
                                            (2026/09/24)","94.84
                                            (2026/09/24)",半年,,3,,,連結,,https://wealth.esunbank.com/zh-tw/offshore-bond/price/chart?bondid=A739,https://wealth.esunbank.com/zh-tw/-/media/ESUNBANK/Files/Wealth/Bonds/bond_A739.pdf
2026-09-25 11:29:16,輝瑞大藥廠公司永續發展債券ＩＩ,US717081EW90,A740,2030/04/01,USD,"93.21
                                            (2026/09/24)","91.20
                                            (2026/09/24)",半年,,3,,,連結,,https://wealth.esunbank.com/zh-tw/offshore-bond/price/chart?bondid=A740,https://wealth.esunbank.com/zh-tw/-/media/ESUNBANK/Files/Wealth/Bonds/bond_A740.pdf
2026-09-25 11:29:16,輝瑞大藥廠公司永續發展債券ＩＩＩ,US717081FB45,A741,2031/08/18,USD,"86.39
                                            (2026/09/24)","84.22
                                            (2026/09/24)",半年,,3,,,連結,,https://wealth.esunbank.com/zh-tw/offshore-bond/price/chart?bondid=A741,https://wealth.esunbank.com/zh-tw/-/media/ESUNBANK/Files/Wealth/Bonds/bond_A741.pdf
2026-09-25 11:29:16,亞培公司債券Ｉ,US002824BG43,A742,2036/11/30,USD,"95.35
                                            (2026/09/24)","92.44
                                            (2026/09/24)",半年,,3,,,連結,,https://wealth.esunbank.com/zh-tw/offshore-bond/price/chart?bondid=A742,https://wealth.esunbank.com/zh-tw/-/media/ESUNBANK/Files/Wealth/Bonds/bond_A742.pdf
2026-09-25 11:29:16,亞培公司債券ＩＩ,US002819AC45,A743,2037/11/30,USD,"106.55
                                            (2026/09/24)","103.19
                                            (2026/09/24)",半年,,3,,,連結,,https://wealth.esunbank.com/zh-tw/offshore-bond/price/chart?bondid=A743,https://wealth.esunbank.com/zh-tw/-/media/ESUNBANK/Files/Wealth/Bonds/bond_A743.pdf
2026-09-25 11:29:16,亞培公司債券ＩＩＩ,US002824AV29,A744,2039/04/01,USD,"105.27
                                            (2026/09/24)","101.23
                                            (2026/09/24)",半年,,3,,,連結,,https://wealth.esunbank.com/zh-tw/offshore-bond/price/chart?bondid=A744,https://wealth.esunbank.com/zh-tw/-/media/ESUNBANK/Files/Wealth/Bonds/bond_A744.pdf
2026-09-25 11:29:16,亞培公司債券ＩＶ,US002824AY67,A745,2040/05/27,USD,"98.71
                                            (2026/09/24)","94.61
                                            (2026/09/24)",半年,,3,,,連結,,https://wealth.esunbank.com/zh-tw/offshore-bond/price/chart?bondid=A745,https://wealth.esunbank.com/zh-tw/-/media/ESUNBANK/Files/Wealth/Bonds/bond_A745.pdf
2026-09-25 11:29:16,亞培公司債券Ｖ,US002824BN93,A746,2043/04/15,USD,"91.00
                                            (2026/09/24)","86.38
                                            (2026/09/24)",半年,,3,,,連結,,https://wealth.esunbank.com/zh-tw/offshore-bond/price/chart?bondid=A746,https://wealth.esunbank.com/zh-tw/-/media/ESUNBANK/Files/Wealth/Bonds/bond_A746.pdf
2026-09-25 11:29:16,國泰人壽新加坡公司次順位債券Ｉ,XS2852920342,A747,2034/07/05,USD,"102.26
                                            (2026/09/24)","99.29
                                            (2026/09/24)",半年,,4,,限專業投資人,連結,,https://wealth.esunbank.com/zh-tw/offshore-bond/price/chart?bondid=A747,https://wealth.esunbank.com/zh-tw/-/media/ESUNBANK/Files/Wealth/Bonds/bond_A747.pdf
2026-09-25 11:29:16,摩根士丹利金融有限責任公司債券ＶＩＩ,XS2820408594,A748,2039/07/10,USD,"106.92
                                            (2025/09/12)","92.16
                                            (2026/09/24)",季,,3,,,連結,,https://wealth.esunbank.com/zh-tw/offshore-bond/price/chart?bondid=A748,https://wealth.esunbank.com/zh-tw/-/media/ESUNBANK/Files/Wealth/Bonds/bond_A748.pdf
2026-09-25 11:29:16,高通公司債券ＩＩ,US747525BS17,A749,2033/05/20,USD,"101.41
                                            (2026/09/24)","99.10
                                            (2026/09/24)",半年,,3,,,連結,,https://wealth.esunbank.com/zh-tw/offshore-bond/price/chart?bondid=A749,https://wealth.esunbank.com/zh-tw/-/media/ESUNBANK/Files/Wealth/Bonds/bond_A749.pdf
2026-09-25 11:29:16,澳洲政府債券Ｉ,AU3TB0000135,A750,2027/04/21,AUD,"102.21
                                            (2025/12/08)","99.76
                                            (2026/09/24)",半年,,3,,,連結,,https://wealth.esunbank.com/zh-tw/offshore-bond/price/chart?bondid=A750,https://wealth.esunbank.com/zh-tw/-/media/ESUNBANK/Files/Wealth/Bonds/bond_A750.pdf
2026-09-25 11:29:16,澳洲政府債券ＩＩ,AU000XCLWAG2,A751,2033/04/21,AUD,"98.00
                                            (2026/09/24)","95.90
                                            (2026/09/24)",半年,,4,,,連結,,https://wealth.esunbank.com/zh-tw/offshore-bond/price/chart?bondid=A751,https://wealth.esunbank.com/zh-tw/-/media/ESUNBANK/Files/Wealth/Bonds/bond_A751.pdf
2026-09-25 11:29:16,澳洲政府綠色債券ＩＩＩ,AU3TB0000200,A752,2034/06/21,AUD,"95.44
                                            (2026/09/24)","93.36
                                            (2026/09/24)",半年,,4,,,連結,,https://wealth.esunbank.com/zh-tw/offshore-bond/price/chart?bondid=A752,https://wealth.esunbank.com/zh-tw/-/media/ESUNBANK/Files/Wealth/Bonds/bond_A752.pdf
2026-09-25 11:29:16,歐洲投資銀行綠色債券ＸＶ,US298785KE52,A753,2031/10/10,USD,"98.95
                                            (2026/09/24)","96.77
                                            (2026/09/24)",半年,,2,,,連結,,https://wealth.esunbank.com/zh-tw/offshore-bond/price/chart?bondid=A753,https://wealth.esunbank.com/zh-tw/-/media/ESUNBANK/Files/Wealth/Bonds/bond_A753.pdf
2026-09-25 11:29:16,松下控股公司債券Ｉ,USJ6355LAD31,A754,2034/07/16,USD,"99.85
                                            (2026/09/24)","96.52
                                            (2026/09/24)",半年,,3,,限專業投資人,連結,,https://wealth.esunbank.com/zh-tw/offshore-bond/price/chart?bondid=A754,https://wealth.esunbank.com/zh-tw/-/media/ESUNBANK/Files/Wealth/Bonds/bond_A754.pdf
2026-09-25 11:29:16,摩根士丹利金融有限責任公司債券ＶＩＩＩ,XS2820406622,A755,2044/08/13,JPY,"74.07
                                            (2026/09/24)","70.06
                                            (2026/09/24)",半年,,3,,,連結,,https://wealth.esunbank.com/zh-tw/offshore-bond/price/chart?bondid=A755,https://wealth.esunbank.com/zh-tw/-/media/ESUNBANK/Files/Wealth/Bonds/bond_A755.pdf
2026-09-25 11:29:16,聯合利華資本公司債券Ｉ,US904764BS55,A756,2028/09/08,USD,"101.31
                                            (2026/09/17)","99.43
                                            (2026/09/24)",半年,,3,,,連結,,https://wealth.esunbank.com/zh-tw/offshore-bond/price/chart?bondid=A756,https://wealth.esunbank.com/zh-tw/-/media/ESUNBANK/Files/Wealth/Bonds/bond_A756.pdf
2026-09-25 11:29:16,聯合利華資本公司債券ＩＩ,US904764AH00,A757,2032/11/15,USD,"104.10
                                            (2026/09/24)","101.70
                                            (2026/09/24)",半年,,3,,,連結,,https://wealth.esunbank.com/zh-tw/offshore-bond/price/chart?bondid=A757,https://wealth.esunbank.com/zh-tw/-/media/ESUNBANK/Files/Wealth/Bonds/bond_A757.pdf
2026-09-25 11:29:16,聯合利華資本公司債券ＩＩＩ,US904764BT39,A758,2033/12/08,USD,"99.26
                                            (2026/09/24)","96.89
                                            (2026/09/24)",半年,,3,,,連結,,https://wealth.esunbank.com/zh-tw/offshore-bond/price/chart?bondid=A758,https://wealth.esunbank.com/zh-tw/-/media/ESUNBANK/Files/Wealth/Bonds/bond_A758.pdf
2026-09-25 11:29:16,聯合利華資本公司債券ＩＶ,US904764BV84,A759,2034/08/12,USD,"96.35
                                            (2026/09/24)","93.94
                                            (2026/09/24)",半年,,3,,,連結,,https://wealth.esunbank.com/zh-tw/offshore-bond/price/chart?bondid=A759,https://wealth.esunbank.com/zh-tw/-/media/ESUNBANK/Files/Wealth/Bonds/bond_A759.pdf
2026-09-25 11:29:16,百事公司債券ＩＩＩ,US713448FX12,A760,2029/07/17,USD,"99.66
                                            (2026/09/24)","98.14
                                            (2026/09/24)",半年,,3,,,連結,,https://wealth.esunbank.com/zh-tw/offshore-bond/price/chart?bondid=A760,https://wealth.esunbank.com/zh-tw/-/media/ESUNBANK/Files/Wealth/Bonds/bond_A760.pdf
2026-09-25 11:29:16,百事公司債券ＩＶ,US713448FY94,A761,2034/07/17,USD,"97.99
                                            (2026/09/24)","95.51
                                            (2026/09/24)",半年,,3,,,連結,,https://wealth.esunbank.com/zh-tw/offshore-bond/price/chart?bondid=A761,https://wealth.esunbank.com/zh-tw/-/media/ESUNBANK/Files/Wealth/Bonds/bond_A761.pdf
2026-09-25 11:29:16,百事公司債券Ｖ,US713448FZ69,A762,2054/07/17,USD,"95.15
                                            (2026/09/24)","90.11
                                            (2026/09/24)",半年,,3,,,連結,,https://wealth.esunbank.com/zh-tw/offshore-bond/price/chart?bondid=A762,https://wealth.esunbank.com/zh-tw/-/media/ESUNBANK/Files/Wealth/Bonds/bond_A762.pdf
2026-09-25 11:29:16,可口可樂公司債券ＩＩ,US191216DR86,A763,2034/05/13,USD,"100.03
                                            (2026/09/24)","97.74
                                            (2026/09/24)",半年,,3,,,連結,,https://wealth.esunbank.com/zh-tw/offshore-bond/price/chart?bondid=A763,https://wealth.esunbank.com/zh-tw/-/media/ESUNBANK/Files/Wealth/Bonds/bond_A763.pdf
2026-09-25 11:29:16,可口可樂公司債券ＩＩＩ,US191216DY38,A764,2034/08/14,USD,"97.98
                                            (2026/09/24)","95.65
                                            (2026/09/24)",半年,,3,,,連結,,https://wealth.esunbank.com/zh-tw/offshore-bond/price/chart?bondid=A764,https://wealth.esunbank.com/zh-tw/-/media/ESUNBANK/Files/Wealth/Bonds/bond_A764.pdf
2026-09-25 11:29:16,可口可樂公司債券ＩＶ,US191216CT51,A765,2030/03/25,USD,"96.64
                                            (2026/09/24)","94.45
                                            (2026/09/24)",半年,,3,,,連結,,https://wealth.esunbank.com/zh-tw/offshore-bond/price/chart?bondid=A765,https://wealth.esunbank.com/zh-tw/-/media/ESUNBANK/Files/Wealth/Bonds/bond_A765.pdf
2026-09-25 11:29:16,可口可樂公司債券Ｖ,US191216DS69,A766,2054/05/13,USD,"95.00
                                            (2026/09/24)","90.02
                                            (2026/09/24)",半年,,3,,,連結,,https://wealth.esunbank.com/zh-tw/offshore-bond/price/chart?bondid=A766,https://wealth.esunbank.com/zh-tw/-/media/ESUNBANK/Files/Wealth/Bonds/bond_A766.pdf
2026-09-25 11:29:16,沃爾瑪公司債券ＩＩ,US931142FD05,A767,2033/04/15,USD,"95.40
                                            (2026/09/24)","93.13
                                            (2026/09/24)",半年,,3,,,連結,,https://wealth.esunbank.com/zh-tw/offshore-bond/price/chart?bondid=A767,https://wealth.esunbank.com/zh-tw/-/media/ESUNBANK/Files/Wealth/Bonds/bond_A767.pdf
2026-09-25 11:29:16,沃爾瑪公司債券ＩＩＩ,US931142CB75,A768,2035/09/01,USD,"100.60
                                            (2026/09/24)","97.70
                                            (2026/09/24)",半年,,3,,,連結,,https://wealth.esunbank.com/zh-tw/offshore-bond/price/chart?bondid=A768,https://wealth.esunbank.com/zh-tw/-/media/ESUNBANK/Files/Wealth/Bonds/bond_A768.pdf
2026-09-25 11:29:16,沃爾瑪公司債券ＩＶ,US931142EC31,A769,2048/06/29,USD,"81.50
                                            (2026/09/24)","76.68
                                            (2026/09/24)",半年,,3,,,連結,,https://wealth.esunbank.com/zh-tw/offshore-bond/price/chart?bondid=A769,https://wealth.esunbank.com/zh-tw/-/media/ESUNBANK/Files/Wealth/Bonds/bond_A769.pdf
2026-09-25 11:29:16,沃爾瑪公司債券Ｖ,US931142EZ26,A770,2052/09/09,USD,"85.54
                                            (2026/09/24)","80.60
                                            (2026/09/24)",半年,,3,,,連結,,https://wealth.esunbank.com/zh-tw/offshore-bond/price/chart?bondid=A770,https://wealth.esunbank.com/zh-tw/-/media/ESUNBANK/Files/Wealth/Bonds/bond_A770.pdf
2026-09-25 11:29:16,紐蒙特公司／紐克雷斯特金融公司債券ＩＩ,US65163LAD10,A771,2041/11/15,USD,-,"94.67
                                            (2026/09/24)",半年,,3,,限專業投資人,連結,,https://wealth.esunbank.com/zh-tw/offshore-bond/price/chart?bondid=A771,https://wealth.esunbank.com/zh-tw/-/media/ESUNBANK/Files/Wealth/Bonds/bond_A771.pdf
2026-09-25 11:29:16,摩根士丹利金融有限責任公司債券ＩＸ－零息債,XS2476732966,A772,2035/02/28,USD,"63.59
                                            (2026/09/24)","59.58
                                            (2026/09/24)",,,3,,,連結,,https://wealth.esunbank.com/zh-tw/offshore-bond/price/chart?bondid=A772,https://wealth.esunbank.com/zh-tw/-/media/ESUNBANK/Files/Wealth/Bonds/bond_A772.pdf
2026-09-25 11:29:16,摩根士丹利金融有限責任公司債券Ｘ－零息債,XS2476732701,A773,2043/03/09,USD,"41.10
                                            (2026/08/14)","34.90
                                            (2026/09/24)",,,3,,,連結,,https://wealth.esunbank.com/zh-tw/offshore-bond/price/chart?bondid=A773,https://wealth.esunbank.com/zh-tw/-/media/ESUNBANK/Files/Wealth/Bonds/bond_A773.pdf
2026-09-25 11:29:16,南山人壽公司次順位債券Ｉ,XS2888260564,A774,2034/09/11,USD,"94.99
                                            (2026/09/24)","92.01
                                            (2026/09/24)",半年,,4,,限專業投資人,連結,,https://wealth.esunbank.com/zh-tw/offshore-bond/price/chart?bondid=A774,https://wealth.esunbank.com/zh-tw/-/media/ESUNBANK/Files/Wealth/Bonds/bond_A774.pdf
2026-09-25 11:29:16,高盛金融公司國際有限公司債券ＶＩ,XS2688653224,A775,2034/09/05,USD,"90.96
                                            (2026/09/24)","86.86
                                            (2026/09/24)",月,,3,,,連結,,https://wealth.esunbank.com/zh-tw/offshore-bond/price/chart?bondid=A775,https://wealth.esunbank.com/zh-tw/-/media/ESUNBANK/Files/Wealth/Bonds/bond_A775.pdf
2026-09-25 11:29:16,高盛金融公司國際有限公司債券ＶＩＩ,XS2688650550,A776,2039/09/05,USD,"90.63
                                            (2026/09/24)","85.23
                                            (2026/09/24)",月,,3,,,連結,,https://wealth.esunbank.com/zh-tw/offshore-bond/price/chart?bondid=A776,https://wealth.esunbank.com/zh-tw/-/media/ESUNBANK/Files/Wealth/Bonds/bond_A776.pdf
2026-09-25 11:29:16,摩根士丹利金融有限責任公司債券ＸＩ,XS2919183793,A777,2049/10/16,USD,"87.72
                                            (2026/09/24)","83.71
                                            (2026/09/24)",季,,3,,,連結,,https://wealth.esunbank.com/zh-tw/offshore-bond/price/chart?bondid=A777,https://wealth.esunbank.com/zh-tw/-/media/ESUNBANK/Files/Wealth/Bonds/bond_A777.pdf
2026-09-25 11:29:16,美林私人有限公司債券ＶＩＩＩ,XS2814748393,A778,2036/10/28,USD,"94.25
                                            (2026/09/24)","89.45
                                            (2026/09/24)",月,,3,,,連結,,https://wealth.esunbank.com/zh-tw/offshore-bond/price/chart?bondid=A778,https://wealth.esunbank.com/zh-tw/-/media/ESUNBANK/Files/Wealth/Bonds/bond_A778.pdf
2026-09-25 11:29:16,美林私人有限公司債券ＩＸ,XS2814739137,A779,2044/11/01,USD,"91.69
                                            (2026/09/24)","85.29
                                            (2026/09/24)",月,,3,,,連結,,https://wealth.esunbank.com/zh-tw/offshore-bond/price/chart?bondid=A779,https://wealth.esunbank.com/zh-tw/-/media/ESUNBANK/Files/Wealth/Bonds/bond_A779.pdf
2026-09-25 11:29:16,美林私人有限公司債券Ｘ,XS2814740903,A780,2034/11/01,CNY,"103.32
                                            (2026/08/25)","99.69
                                            (2026/09/24)",月,,3,,,連結,,https://wealth.esunbank.com/zh-tw/offshore-bond/price/chart?bondid=A780,https://wealth.esunbank.com/zh-tw/-/media/ESUNBANK/Files/Wealth/Bonds/bond_A780.pdf
2026-09-25 11:29:16,美林私人有限公司債券ＸＩ,XS2814745886,A781,2034/10/28,AUD,"95.46
                                            (2026/09/24)","91.36
                                            (2026/09/24)",月,,4,,,連結,,https://wealth.esunbank.com/zh-tw/offshore-bond/price/chart?bondid=A781,https://wealth.esunbank.com/zh-tw/-/media/ESUNBANK/Files/Wealth/Bonds/bond_A781.pdf
2026-09-25 11:29:16,沙烏地阿拉伯王國公債ＶＩＩＩ,XS2747599509,A782,2054/01/16,USD,"94.09
                                            (2026/09/24)","88.74
                                            (2026/09/24)",半年,,3,,,連結,,https://wealth.esunbank.com/zh-tw/offshore-bond/price/chart?bondid=A782,https://wealth.esunbank.com/zh-tw/-/media/ESUNBANK/Files/Wealth/Bonds/bond_A782.pdf
2026-09-25 11:29:16,寶僑公司債券ＩＩＩ,US742718GL74,A783,2034/10/24,USD,"98.05
                                            (2026/09/24)","94.85
                                            (2026/09/24)",半年,,3,,,連結,,https://wealth.esunbank.com/zh-tw/offshore-bond/price/chart?bondid=A783,https://wealth.esunbank.com/zh-tw/-/media/ESUNBANK/Files/Wealth/Bonds/bond_A783.pdf
2026-09-25 11:29:16,寶僑公司債券ＩＶ,US742718GK91,A784,2029/10/24,USD,"99.27
                                            (2026/09/24)","97.47
                                            (2026/09/24)",半年,,2,,,連結,,https://wealth.esunbank.com/zh-tw/offshore-bond/price/chart?bondid=A784,https://wealth.esunbank.com/zh-tw/-/media/ESUNBANK/Files/Wealth/Bonds/bond_A784.pdf
2026-09-25 11:29:16,寶僑公司債券Ｖ,US742718GA10,A785,2033/01/26,USD,"96.14
                                            (2026/09/24)","93.80
                                            (2026/09/24)",半年,,3,,,連結,,https://wealth.esunbank.com/zh-tw/offshore-bond/price/chart?bondid=A785,https://wealth.esunbank.com/zh-tw/-/media/ESUNBANK/Files/Wealth/Bonds/bond_A785.pdf
2026-09-25 11:29:16,瑞士銀行公司（倫敦）債券ＸＸＶＩ,XS2522918221,A786,2029/01/15,ZAR,"99.62
                                            (2026/03/25)","98.10
                                            (2026/09/23)",月,,4,,,連結,,https://wealth.esunbank.com/zh-tw/offshore-bond/price/chart?bondid=A786,https://wealth.esunbank.com/zh-tw/-/media/ESUNBANK/Files/Wealth/Bonds/bond_A786.pdf
2026-09-25 11:29:16,賽默飛世爾科技有限公司債券Ｉ,US883556DA77,A787,2029/01/31,USD,"100.99
                                            (2026/09/24)","99.45
                                            (2026/09/24)",半年,,3,,,連結,,https://wealth.esunbank.com/zh-tw/offshore-bond/price/chart?bondid=A787,https://wealth.esunbank.com/zh-tw/-/media/ESUNBANK/Files/Wealth/Bonds/bond_A787.pdf
2026-09-25 11:29:16,賽默飛世爾科技有限公司債券ＩＩ,US883556CX89,A788,2033/08/10,USD,"99.74
                                            (2026/09/24)","96.97
                                            (2026/09/24)",半年,,3,,,連結,,https://wealth.esunbank.com/zh-tw/offshore-bond/price/chart?bondid=A788,https://wealth.esunbank.com/zh-tw/-/media/ESUNBANK/Files/Wealth/Bonds/bond_A788.pdf
2026-09-25 11:29:16,賽默飛世爾科技有限公司債券ＩＩＩ,US883556DB50,A789,2034/01/31,USD,"100.10
                                            (2026/09/24)","97.17
                                            (2026/09/24)",半年,,3,,,連結,,https://wealth.esunbank.com/zh-tw/offshore-bond/price/chart?bondid=A789,https://wealth.esunbank.com/zh-tw/-/media/ESUNBANK/Files/Wealth/Bonds/bond_A789.pdf
2026-09-25 11:29:16,賽默飛世爾科技有限公司債券ＩＶ,US883556CM25,A790,2041/10/15,USD,"72.22
                                            (2026/09/24)","68.12
                                            (2026/09/24)",半年,,3,,,連結,,https://wealth.esunbank.com/zh-tw/offshore-bond/price/chart?bondid=A790,https://wealth.esunbank.com/zh-tw/-/media/ESUNBANK/Files/Wealth/Bonds/bond_A790.pdf
2026-09-25 11:29:16,賽默飛世爾科技有限公司債券Ｖ,US883556CY62,A791,2043/08/10,USD,"97.05
                                            (2026/09/24)","92.44
                                            (2026/09/24)",半年,,3,,,連結,,https://wealth.esunbank.com/zh-tw/offshore-bond/price/chart?bondid=A791,https://wealth.esunbank.com/zh-tw/-/media/ESUNBANK/Files/Wealth/Bonds/bond_A791.pdf
2026-09-25 11:29:16,輝瑞大藥廠公司債券ＩＶ,US717081EC37,A792,2036/12/15,USD,"89.93
                                            (2026/09/24)","86.91
                                            (2026/09/24)",半年,,3,,,連結,,https://wealth.esunbank.com/zh-tw/offshore-bond/price/chart?bondid=A792,https://wealth.esunbank.com/zh-tw/-/media/ESUNBANK/Files/Wealth/Bonds/bond_A792.pdf
2026-09-25 11:29:16,輝瑞大藥廠公司債券Ｖ,US717081EJ89,A793,2038/09/15,USD,"88.55
                                            (2026/09/24)","84.98
                                            (2026/09/24)",半年,,3,,,連結,,https://wealth.esunbank.com/zh-tw/offshore-bond/price/chart?bondid=A793,https://wealth.esunbank.com/zh-tw/-/media/ESUNBANK/Files/Wealth/Bonds/bond_A793.pdf
2026-09-25 11:29:16,輝瑞大藥廠公司債券ＶＩ,US717081DK61,A794,2044/05/15,USD,"86.17
                                            (2026/09/24)","81.49
                                            (2026/09/24)",半年,,3,,,連結,,https://wealth.esunbank.com/zh-tw/offshore-bond/price/chart?bondid=A794,https://wealth.esunbank.com/zh-tw/-/media/ESUNBANK/Files/Wealth/Bonds/bond_A794.pdf
2026-09-25 11:29:16,艾伯維公司債券ＩＩ,US00287YDS54,A795,2029/03/15,USD,"100.29
                                            (2026/09/24)","98.75
                                            (2026/09/24)",半年,,3,,,連結,,https://wealth.esunbank.com/zh-tw/offshore-bond/price/chart?bondid=A795,https://wealth.esunbank.com/zh-tw/-/media/ESUNBANK/Files/Wealth/Bonds/bond_A795.pdf
2026-09-25 11:29:16,艾伯維公司債券ＩＩＩ,US00287YDT38,A796,2031/03/15,USD,"99.97
                                            (2026/09/24)","97.78
                                            (2026/09/24)",半年,,3,,,連結,,https://wealth.esunbank.com/zh-tw/offshore-bond/price/chart?bondid=A796,https://wealth.esunbank.com/zh-tw/-/media/ESUNBANK/Files/Wealth/Bonds/bond_A796.pdf
2026-09-25 11:29:16,艾伯維公司債券ＩＶ,US00287YDU01,A797,2034/03/15,USD,"98.48
                                            (2026/09/24)","96.11
                                            (2026/09/24)",半年,,3,,,連結,,https://wealth.esunbank.com/zh-tw/offshore-bond/price/chart?bondid=A797,https://wealth.esunbank.com/zh-tw/-/media/ESUNBANK/Files/Wealth/Bonds/bond_A797.pdf
2026-09-25 11:29:16,艾伯維公司債券Ｖ,US00287YAR09,A798,2035/05/14,USD,"94.22
                                            (2026/09/24)","91.45
                                            (2026/09/24)",半年,,3,,,連結,,https://wealth.esunbank.com/zh-tw/offshore-bond/price/chart?bondid=A798,https://wealth.esunbank.com/zh-tw/-/media/ESUNBANK/Files/Wealth/Bonds/bond_A798.pdf
2026-09-25 11:29:16,艾伯維公司債券ＶＩ,US00287YCA55,A799,2039/11/21,USD,"86.01
                                            (2026/09/24)","82.40
                                            (2026/09/24)",半年,,3,,,連結,,https://wealth.esunbank.com/zh-tw/offshore-bond/price/chart?bondid=A799,https://wealth.esunbank.com/zh-tw/-/media/ESUNBANK/Files/Wealth/Bonds/bond_A799.pdf
2026-09-25 11:29:16,ＭＥＴＡ平台公司債券ＩＸ,US30303M8M79,A800,2030/05/15,USD,"100.13
                                            (2026/09/24)","97.93
                                            (2026/09/24)",半年,,2,,,連結,,https://wealth.esunbank.com/zh-tw/offshore-bond/price/chart?bondid=A800,https://wealth.esunbank.com/zh-tw/-/media/ESUNBANK/Files/Wealth/Bonds/bond_A800.pdf
2026-09-25 11:29:16,ＭＥＴＡ平台公司債券Ｘ,US30303M8T23,A801,2031/08/15,USD,"97.83
                                            (2026/09/24)","95.52
                                            (2026/09/24)",半年,,2,,,連結,,https://wealth.esunbank.com/zh-tw/offshore-bond/price/chart?bondid=A801,https://wealth.esunbank.com/zh-tw/-/media/ESUNBANK/Files/Wealth/Bonds/bond_A801.pdf
2026-09-25 11:29:16,ＭＥＴＡ平台公司債券ＸＩ,US30303M8N52,A802,2033/05/15,USD,"97.52
                                            (2026/09/24)","95.22
                                            (2026/09/24)",半年,,3,,,連結,,https://wealth.esunbank.com/zh-tw/offshore-bond/price/chart?bondid=A802,https://wealth.esunbank.com/zh-tw/-/media/ESUNBANK/Files/Wealth/Bonds/bond_A802.pdf
2026-09-25 11:29:16,ＭＥＴＡ平台公司債券ＸＩＩ,US30303M8U95,A803,2034/08/15,USD,"95.76
                                            (2026/09/24)","92.67
                                            (2026/09/24)",半年,,3,,,連結,,https://wealth.esunbank.com/zh-tw/offshore-bond/price/chart?bondid=A803,https://wealth.esunbank.com/zh-tw/-/media/ESUNBANK/Files/Wealth/Bonds/bond_A803.pdf
2026-09-25 11:29:16,摩根大通金融有限責任公司Ｉ,XS1449564605,A804,2039/12/20,USD,"93.35
                                            (2026/09/24)","88.75
                                            (2026/09/24)",月,,3,,,連結,,https://wealth.esunbank.com/zh-tw/offshore-bond/price/chart?bondid=A804,https://wealth.esunbank.com/zh-tw/-/media/ESUNBANK/Files/Wealth/Bonds/bond_A804.pdf
2026-09-25 11:29:16,摩根士丹利金融有限責任公司債券ＸＩＩ,XS2958267200,A805,2044/12/19,USD,"85.51
                                            (2026/09/24)","81.41
                                            (2026/09/24)",季,,3,,,連結,,https://wealth.esunbank.com/zh-tw/offshore-bond/price/chart?bondid=A805,https://wealth.esunbank.com/zh-tw/-/media/ESUNBANK/Files/Wealth/Bonds/bond_A805.pdf
2026-09-25 11:29:16,高盛金融公司國際有限公司債券ＶＩＩＩ,XS2814369455,A806,2039/12/23,USD,"87.46
                                            (2026/09/24)","82.15
                                            (2026/09/24)",年,,3,,,連結,,https://wealth.esunbank.com/zh-tw/offshore-bond/price/chart?bondid=A806,https://wealth.esunbank.com/zh-tw/-/media/ESUNBANK/Files/Wealth/Bonds/bond_A806.pdf
2026-09-25 11:29:16,瑞士銀行公司（倫敦）債券ＸＸＶＩＩ,XS2879624281,A807,2040/01/15,USD,"97.34
                                            (2026/09/24)","92.94
                                            (2026/09/24)",月,,3,,,連結,,https://wealth.esunbank.com/zh-tw/offshore-bond/price/chart?bondid=A807,https://wealth.esunbank.com/zh-tw/-/media/ESUNBANK/Files/Wealth/Bonds/bond_A807.pdf
2026-09-25 11:29:16,新紀元能源資本控股公司債券Ｉ,US65339KDG22,A808,2028/02/04,USD,"100.86
                                            (2026/09/16)","99.47
                                            (2026/09/24)",半年,,3,,,連結,,https://wealth.esunbank.com/zh-tw/offshore-bond/price/chart?bondid=A808,https://wealth.esunbank.com/zh-tw/-/media/ESUNBANK/Files/Wealth/Bonds/bond_A808.pdf
2026-09-25 11:29:16,新紀元能源資本控股公司債券ＩＩ,US65339KCN81,A809,2030/02/28,USD,"100.45
                                            (2026/09/24)","98.43
                                            (2026/09/24)",半年,,3,,,連結,,https://wealth.esunbank.com/zh-tw/offshore-bond/price/chart?bondid=A809,https://wealth.esunbank.com/zh-tw/-/media/ESUNBANK/Files/Wealth/Bonds/bond_A809.pdf
2026-09-25 11:29:16,新紀元能源資本控股公司債券ＩＩＩ,US65339KDK34,A810,2032/03/15,USD,"100.15
                                            (2026/09/24)","97.86
                                            (2026/09/24)",半年,,3,,,連結,,https://wealth.esunbank.com/zh-tw/offshore-bond/price/chart?bondid=A810,https://wealth.esunbank.com/zh-tw/-/media/ESUNBANK/Files/Wealth/Bonds/bond_A810.pdf
2026-09-25 11:29:16,新紀元能源資本控股公司債券ＩＶ,US65339KCJ79,A811,2032/07/15,USD,"98.54
                                            (2026/09/24)","96.28
                                            (2026/09/24)",半年,,3,,,連結,,https://wealth.esunbank.com/zh-tw/offshore-bond/price/chart?bondid=A811,https://wealth.esunbank.com/zh-tw/-/media/ESUNBANK/Files/Wealth/Bonds/bond_A811.pdf
2026-09-25 11:29:16,新紀元能源資本控股公司債券Ｖ,US65339KCP30,A812,2033/02/28,USD,"98.22
                                            (2026/09/24)","96.00
                                            (2026/09/24)",半年,,3,,,連結,,https://wealth.esunbank.com/zh-tw/offshore-bond/price/chart?bondid=A812,https://wealth.esunbank.com/zh-tw/-/media/ESUNBANK/Files/Wealth/Bonds/bond_A812.pdf
2026-09-25 11:29:16,新紀元能源資本控股公司債券ＶＩ,US65339KCU25,A813,2034/03/15,USD,"99.04
                                            (2026/09/24)","96.30
                                            (2026/09/24)",半年,,3,,,連結,,https://wealth.esunbank.com/zh-tw/offshore-bond/price/chart?bondid=A813,https://wealth.esunbank.com/zh-tw/-/media/ESUNBANK/Files/Wealth/Bonds/bond_A813.pdf
2026-09-25 11:29:16,新紀元能源資本控股公司債券ＶＩＩ,US65339KDL17,A814,2035/03/15,USD,"99.17
                                            (2026/09/24)","96.42
                                            (2026/09/24)",半年,,3,,,連結,,https://wealth.esunbank.com/zh-tw/offshore-bond/price/chart?bondid=A814,https://wealth.esunbank.com/zh-tw/-/media/ESUNBANK/Files/Wealth/Bonds/bond_A814.pdf
2026-09-25 11:29:16,卡達政府國際綠色債券Ｉ,XS2822506759,A815,2029/05/29,USD,"103.33
                                            (2026/03/06)","97.88
                                            (2026/09/24)",半年,,2,,,連結,,https://wealth.esunbank.com/zh-tw/offshore-bond/price/chart?bondid=A815,https://wealth.esunbank.com/zh-tw/-/media/ESUNBANK/Files/Wealth/Bonds/bond_A815.pdf
2026-09-25 11:29:16,卡達政府國際綠色債券ＩＩ,XS2822506833,A816,2034/05/29,USD,"106.27
                                            (2026/03/06)","95.93
                                            (2026/09/24)",半年,,3,,,連結,,https://wealth.esunbank.com/zh-tw/offshore-bond/price/chart?bondid=A816,https://wealth.esunbank.com/zh-tw/-/media/ESUNBANK/Files/Wealth/Bonds/bond_A816.pdf
2026-09-25 11:29:16,卡達政府國際債券ＩＩＩ,XS0468535637,A817,2040/01/20,USD,"118.37
                                            (2026/03/06)","104.27
                                            (2026/09/24)",半年,,3,,,連結,,https://wealth.esunbank.com/zh-tw/offshore-bond/price/chart?bondid=A817,https://wealth.esunbank.com/zh-tw/-/media/ESUNBANK/Files/Wealth/Bonds/bond_A817.pdf
2026-09-25 11:29:16,卡達政府國際債券ＩＶ,XS0615236188,A818,2042/01/20,USD,"111.86
                                            (2026/03/06)","97.50
                                            (2026/09/24)",半年,,3,,,連結,,https://wealth.esunbank.com/zh-tw/offshore-bond/price/chart?bondid=A818,https://wealth.esunbank.com/zh-tw/-/media/ESUNBANK/Files/Wealth/Bonds/bond_A818.pdf
2026-09-25 11:29:16,阿聯酋國際政府債券Ｉ,XS2684502623,A819,2033/09/25,USD,"106.65
                                            (2026/03/06)","96.57
                                            (2026/09/24)",半年,,3,,,連結,,https://wealth.esunbank.com/zh-tw/offshore-bond/price/chart?bondid=A819,https://wealth.esunbank.com/zh-tw/-/media/ESUNBANK/Files/Wealth/Bonds/bond_A819.pdf
2026-09-25 11:29:16,阿聯酋國際政府債券ＩＩ,XS2850662631,A820,2034/07/02,USD,"105.84
                                            (2026/03/06)","96.13
                                            (2026/09/24)",半年,,3,,,連結,,https://wealth.esunbank.com/zh-tw/offshore-bond/price/chart?bondid=A820,https://wealth.esunbank.com/zh-tw/-/media/ESUNBANK/Files/Wealth/Bonds/bond_A820.pdf
2026-09-25 11:29:16,阿聯酋國際政府債券ＩＩＩ,XS2397083820,A821,2041/10/19,USD,"79.51
                                            (2026/03/06)","69.16
                                            (2026/09/24)",半年,,3,,,連結,,https://wealth.esunbank.com/zh-tw/offshore-bond/price/chart?bondid=A821,https://wealth.esunbank.com/zh-tw/-/media/ESUNBANK/Files/Wealth/Bonds/bond_A821.pdf
2026-09-25 11:29:16,網飛公司債券Ｉ,USU74079AN15,A822,2029/11/15,USD,"101.63
                                            (2026/09/24)","99.79
                                            (2026/09/24)",半年,,3,,,連結,,https://wealth.esunbank.com/zh-tw/offshore-bond/price/chart?bondid=A822,https://wealth.esunbank.com/zh-tw/-/media/ESUNBANK/Files/Wealth/Bonds/bond_A822.pdf
2026-09-25 11:29:16,網飛公司債券ＩＩ,USU74079AQ46,A823,2030/06/15,USD,"100.37
                                            (2026/09/24)","97.79
                                            (2026/09/24)",半年,,3,,,連結,,https://wealth.esunbank.com/zh-tw/offshore-bond/price/chart?bondid=A823,https://wealth.esunbank.com/zh-tw/-/media/ESUNBANK/Files/Wealth/Bonds/bond_A823.pdf
2026-09-25 11:29:16,網飛公司債券ＩＩＩ,US64110LAZ94,A824,2034/08/15,USD,"97.98
                                            (2026/09/24)","95.10
                                            (2026/09/24)",半年,,3,,,連結,,https://wealth.esunbank.com/zh-tw/offshore-bond/price/chart?bondid=A824,https://wealth.esunbank.com/zh-tw/-/media/ESUNBANK/Files/Wealth/Bonds/bond_A824.pdf
2026-09-25 11:29:16,奇異資融國際融資無限公司債券Ｉ,US36164QNA21,A826,2035/11/15,USD,"93.70
                                            (2026/09/24)","90.88
                                            (2026/09/24)",半年,,5,,限專業投資人,連結,,https://wealth.esunbank.com/zh-tw/offshore-bond/price/chart?bondid=A826,https://wealth.esunbank.com/zh-tw/-/media/ESUNBANK/Files/Wealth/Bonds/bond_A826.pdf
2026-09-25 11:29:16,Ｄ．Ｒ．ＨＯＲＴＯＮ公司債券Ｉ,US23331ABS78,A827,2034/10/15,USD,"96.85
                                            (2026/09/24)","93.96
                                            (2026/09/24)",半年,,3,,,連結,,https://wealth.esunbank.com/zh-tw/offshore-bond/price/chart?bondid=A827,https://wealth.esunbank.com/zh-tw/-/media/ESUNBANK/Files/Wealth/Bonds/bond_A827.pdf
2026-09-25 11:29:16,南方公司債券Ｉ,US842587DT18,A828,2034/03/15,USD,"101.65
                                            (2026/09/24)","98.84
                                            (2026/09/24)",半年,,3,,限專業投資人,連結,,https://wealth.esunbank.com/zh-tw/offshore-bond/price/chart?bondid=A828,https://wealth.esunbank.com/zh-tw/-/media/ESUNBANK/Files/Wealth/Bonds/bond_A828.pdf
2026-09-25 11:29:16,奇異公司債券ＩＩ,US36962GXZ26,A829,2032/03/15,USD,"108.02
                                            (2026/09/24)","105.59
                                            (2026/09/24)",半年,,3,,,連結,,https://wealth.esunbank.com/zh-tw/offshore-bond/price/chart?bondid=A829,https://wealth.esunbank.com/zh-tw/-/media/ESUNBANK/Files/Wealth/Bonds/bond_A829.pdf
2026-09-25 11:29:16,奇異公司債券ＩＩＩ,US36962G3P70,A830,2038/01/14,USD,"103.48
                                            (2026/09/24)","100.23
                                            (2026/09/24)",半年,,3,,,連結,,https://wealth.esunbank.com/zh-tw/offshore-bond/price/chart?bondid=A830,https://wealth.esunbank.com/zh-tw/-/media/ESUNBANK/Files/Wealth/Bonds/bond_A830.pdf
2026-09-25 11:29:16,嬌生公司債券ＶＩＩ,US478160DJ00,A831,2030/03/01,USD,"100.21
                                            (2026/09/24)","98.56
                                            (2026/09/24)",半年,,2,,,連結,,https://wealth.esunbank.com/zh-tw/offshore-bond/price/chart?bondid=A831,https://wealth.esunbank.com/zh-tw/-/media/ESUNBANK/Files/Wealth/Bonds/bond_A831.pdf
2026-09-25 11:29:16,嬌生公司債券ＶＩＩＩ,US478160DL55,A832,2035/03/01,USD,"100.10
                                            (2026/09/24)","97.33
                                            (2026/09/24)",半年,,3,,,連結,,https://wealth.esunbank.com/zh-tw/offshore-bond/price/chart?bondid=A832,https://wealth.esunbank.com/zh-tw/-/media/ESUNBANK/Files/Wealth/Bonds/bond_A832.pdf
2026-09-25 11:29:16,微軟公司債券ＩＸ,US594918AD65,A833,2039/06/01,USD,"100.67
                                            (2026/09/24)","96.61
                                            (2026/09/24)",半年,,3,,,連結,,https://wealth.esunbank.com/zh-tw/offshore-bond/price/chart?bondid=A833,https://wealth.esunbank.com/zh-tw/-/media/ESUNBANK/Files/Wealth/Bonds/bond_A833.pdf
2026-09-25 11:29:16,美林私人有限公司債券ＸＩＩ,XS2938582330,A834,2040/02/21,AUD,"91.12
                                            (2026/09/24)","85.72
                                            (2026/09/24)",季,,4,,,連結,,https://wealth.esunbank.com/zh-tw/offshore-bond/price/chart?bondid=A834,https://wealth.esunbank.com/zh-tw/-/media/ESUNBANK/Files/Wealth/Bonds/bond_A834.pdf
2026-09-25 11:29:16,摩根士丹利金融有限責任公司債券ＸＩＩＩ,XS2820409055,A835,2029/07/12,CNY,"103.97
                                            (2026/09/24)","101.37
                                            (2026/09/24)",季,,3,,,連結,,https://wealth.esunbank.com/zh-tw/offshore-bond/price/chart?bondid=A835,https://wealth.esunbank.com/zh-tw/-/media/ESUNBANK/Files/Wealth/Bonds/bond_A835.pdf
2026-09-25 11:29:16,高盛金融公司國際有限公司債券ＩＸ,XS2688665582,A836,2029/01/25,AUD,"99.30
                                            (2026/09/24)","96.20
                                            (2026/09/24)",半年,,4,,,連結,,https://wealth.esunbank.com/zh-tw/offshore-bond/price/chart?bondid=A836,https://wealth.esunbank.com/zh-tw/-/media/ESUNBANK/Files/Wealth/Bonds/bond_A836.pdf
2026-09-25 11:29:16,沙烏地阿拉伯王國公債ＩＸ,XS1791939066,A837,2040/03/17,USD,"102.53
                                            (2026/03/06)","96.49
                                            (2026/09/24)",半年,,2,,,連結,,https://wealth.esunbank.com/zh-tw/offshore-bond/price/chart?bondid=A837,https://wealth.esunbank.com/zh-tw/-/media/ESUNBANK/Files/Wealth/Bonds/bond_A837.pdf
2026-09-25 11:29:16,波克夏海瑟威能源公司債券Ｉ,US084659AV35,A838,2030/07/15,USD,"96.06
                                            (2026/09/24)","93.94
                                            (2026/09/24)",半年,,3,,,連結,,https://wealth.esunbank.com/zh-tw/offshore-bond/price/chart?bondid=A838,https://wealth.esunbank.com/zh-tw/-/media/ESUNBANK/Files/Wealth/Bonds/bond_A838.pdf
2026-09-25 11:29:16,波克夏海瑟威能源公司債券ＩＩ,US59562VAM90,A839,2036/04/01,USD,"104.21
                                            (2026/09/24)","101.08
                                            (2026/09/24)",半年,,3,,,連結,,https://wealth.esunbank.com/zh-tw/offshore-bond/price/chart?bondid=A839,https://wealth.esunbank.com/zh-tw/-/media/ESUNBANK/Files/Wealth/Bonds/bond_A839.pdf
2026-09-25 11:29:16,波克夏海瑟威能源公司債券ＩＩＩ,US59562VAP22,A840,2037/05/15,USD,"103.42
                                            (2026/09/24)","99.63
                                            (2026/09/24)",半年,,3,,,連結,,https://wealth.esunbank.com/zh-tw/offshore-bond/price/chart?bondid=A840,https://wealth.esunbank.com/zh-tw/-/media/ESUNBANK/Files/Wealth/Bonds/bond_A840.pdf
2026-09-25 11:29:16,高盛金融公司國際有限公司債券Ｘ,XS2814585407,A843,2032/03/17,CNY,"105.24
                                            (2026/09/24)","100.63
                                            (2026/09/24)",季,,3,,,連結,,https://wealth.esunbank.com/zh-tw/offshore-bond/price/chart?bondid=A843,https://wealth.esunbank.com/zh-tw/-/media/ESUNBANK/Files/Wealth/Bonds/bond_A843.pdf
2026-09-25 11:29:16,高盛金融公司國際有限公司債券ＸＩ,XS2814579855,A844,2040/03/17,AUD,"105.37
                                            (2025/09/16)","88.88
                                            (2026/09/24)",季,,4,,,連結,,https://wealth.esunbank.com/zh-tw/offshore-bond/price/chart?bondid=A844,https://wealth.esunbank.com/zh-tw/-/media/ESUNBANK/Files/Wealth/Bonds/bond_A844.pdf
2026-09-25 11:29:16,高盛金融公司國際有限公司債券ＸＩＩ,XS2482458671,A845,2030/03/26,USD,"100.28
                                            (2026/03/23)","95.60
                                            (2026/09/24)",月,,3,,,連結,,https://wealth.esunbank.com/zh-tw/offshore-bond/price/chart?bondid=A845,https://wealth.esunbank.com/zh-tw/-/media/ESUNBANK/Files/Wealth/Bonds/bond_A845.pdf
2026-09-25 11:29:16,羅氏控股公司債券Ｉ,USU75000CK09,A846,2031/03/08,USD,"100.10
                                            (2026/09/24)","97.69
                                            (2026/09/24)",半年,,2,,,連結,,https://wealth.esunbank.com/zh-tw/offshore-bond/price/chart?bondid=A846,https://wealth.esunbank.com/zh-tw/-/media/ESUNBANK/Files/Wealth/Bonds/bond_A846.pdf
2026-09-25 11:29:16,羅氏控股公司債券ＩＩ,USU75000CQ78,A847,2034/09/09,USD,"96.56
                                            (2026/09/24)","93.54
                                            (2026/09/24)",半年,,3,,,連結,,https://wealth.esunbank.com/zh-tw/offshore-bond/price/chart?bondid=A847,https://wealth.esunbank.com/zh-tw/-/media/ESUNBANK/Files/Wealth/Bonds/bond_A847.pdf
2026-09-25 11:29:16,羅氏控股公司債券ＩＩＩ,USU75000CP95,A848,2029/09/09,USD,"98.65
                                            (2026/09/24)","96.99
                                            (2026/09/24)",半年,,2,,,連結,,https://wealth.esunbank.com/zh-tw/offshore-bond/price/chart?bondid=A848,https://wealth.esunbank.com/zh-tw/-/media/ESUNBANK/Files/Wealth/Bonds/bond_A848.pdf
2026-09-25 11:29:16,杜克能源進展有限責任公司債券Ｉ,US26442UAU88,A849,2035/03/15,USD,"97.56
                                            (2026/09/24)","94.76
                                            (2026/09/24)",半年,,3,,,連結,,https://wealth.esunbank.com/zh-tw/offshore-bond/price/chart?bondid=A849,https://wealth.esunbank.com/zh-tw/-/media/ESUNBANK/Files/Wealth/Bonds/bond_A849.pdf
2026-09-25 11:29:16,杜克能源進展有限責任公司綠色債券ＩＩ,US26442UAH77,A850,2029/03/15,USD,"97.25
                                            (2026/09/24)","95.64
                                            (2026/09/24)",半年,,2,,,連結,,https://wealth.esunbank.com/zh-tw/offshore-bond/price/chart?bondid=A850,https://wealth.esunbank.com/zh-tw/-/media/ESUNBANK/Files/Wealth/Bonds/bond_A850.pdf
2026-09-25 11:29:16,萬事達卡公司債券Ｉ,US57636QBC78,A851,2035/01/15,USD,"95.56
                                            (2026/09/24)","92.70
                                            (2026/09/24)",半年,,3,,,連結,,https://wealth.esunbank.com/zh-tw/offshore-bond/price/chart?bondid=A851,https://wealth.esunbank.com/zh-tw/-/media/ESUNBANK/Files/Wealth/Bonds/bond_A851.pdf
2026-09-25 11:29:16,萬事達卡公司債券ＩＩ,US57636QBB95,A852,2032/01/15,USD,"96.93
                                            (2026/09/24)","94.66
                                            (2026/09/24)",半年,,2,,,連結,,https://wealth.esunbank.com/zh-tw/offshore-bond/price/chart?bondid=A852,https://wealth.esunbank.com/zh-tw/-/media/ESUNBANK/Files/Wealth/Bonds/bond_A852.pdf
2026-09-25 11:29:16,萬事達卡公司債券ＩＩＩ,US57636QAZ72,A853,2034/05/09,USD,"98.41
                                            (2026/09/24)","95.54
                                            (2026/09/24)",半年,,3,,,連結,,https://wealth.esunbank.com/zh-tw/offshore-bond/price/chart?bondid=A853,https://wealth.esunbank.com/zh-tw/-/media/ESUNBANK/Files/Wealth/Bonds/bond_A853.pdf
2026-09-25 11:29:16,萬事達卡公司債券ＩＶ,US57636QAW42,A854,2028/03/09,USD,"100.90
                                            (2026/09/24)","99.70
                                            (2026/09/24)",半年,,2,,,連結,,https://wealth.esunbank.com/zh-tw/offshore-bond/price/chart?bondid=A854,https://wealth.esunbank.com/zh-tw/-/media/ESUNBANK/Files/Wealth/Bonds/bond_A854.pdf
2026-09-25 11:29:16,摩根大通金融有限責任公司ＩＩ,XS1449536900,A855,2040/03/24,ZAR,"107.46
                                            (2026/09/24)","102.45
                                            (2026/09/24)",半年,,4,,,連結,,https://wealth.esunbank.com/zh-tw/offshore-bond/price/chart?bondid=A855,https://wealth.esunbank.com/zh-tw/-/media/ESUNBANK/Files/Wealth/Bonds/bond_A855.pdf
2026-09-25 11:29:16,艾伯維公司債券ＶＩＩ,US00287YAV11,A856,2036/05/14,USD,"92.16
                                            (2026/09/24)","89.14
                                            (2026/09/24)",半年,,3,,,連結,,https://wealth.esunbank.com/zh-tw/offshore-bond/price/chart?bondid=A856,https://wealth.esunbank.com/zh-tw/-/media/ESUNBANK/Files/Wealth/Bonds/bond_A856.pdf
2026-09-25 11:29:16,雀巢資本公司債券Ｉ,USU6408XAM12,A857,2034/03/12,USD,"98.67
                                            (2026/09/24)","95.63
                                            (2026/09/24)",半年,,3,,,連結,,https://wealth.esunbank.com/zh-tw/offshore-bond/price/chart?bondid=A857,https://wealth.esunbank.com/zh-tw/-/media/ESUNBANK/Files/Wealth/Bonds/bond_A857.pdf
2026-09-25 11:29:16,雀巢資本公司債券ＩＩ,USU6408XAK55,A858,2029/03/12,USD,"100.34
                                            (2026/09/24)","98.33
                                            (2026/09/24)",半年,,2,,,連結,,https://wealth.esunbank.com/zh-tw/offshore-bond/price/chart?bondid=A858,https://wealth.esunbank.com/zh-tw/-/media/ESUNBANK/Files/Wealth/Bonds/bond_A858.pdf
2026-09-25 11:29:16,高盛金融公司國際有限公司債券ＸＩＩＩ,XS2814195447,A859,2035/04/30,USD,"105.37
                                            (2025/09/12)","88.81
                                            (2026/09/24)",季,,3,,,連結,,https://wealth.esunbank.com/zh-tw/offshore-bond/price/chart?bondid=A859,https://wealth.esunbank.com/zh-tw/-/media/ESUNBANK/Files/Wealth/Bonds/bond_A859.pdf
2026-09-25 11:29:16,歐洲投資銀行債券ＸＶＩ,XS2647979181,A860,2033/07/15,EUR,"97.78
                                            (2026/09/24)","95.77
                                            (2026/09/24)",年,,3,,,連結,,https://wealth.esunbank.com/zh-tw/offshore-bond/price/chart?bondid=A860,https://wealth.esunbank.com/zh-tw/-/media/ESUNBANK/Files/Wealth/Bonds/bond_A860.pdf
2026-09-25 11:29:16,淡馬錫金融Ｉ有限公司債券Ｉ,XS0528414377,A861,2040/07/26,GBP,"96.83
                                            (2026/09/24)","92.95
                                            (2026/09/24)",年,,3,,,連結,,https://wealth.esunbank.com/zh-tw/offshore-bond/price/chart?bondid=A861,https://wealth.esunbank.com/zh-tw/-/media/ESUNBANK/Files/Wealth/Bonds/bond_A861.pdf
2026-09-25 11:29:16,酩悅·軒尼詩－路易·威登公司債券Ｉ,FR001400KJO0,A862,2033/09/07,EUR,"98.07
                                            (2026/09/24)","95.88
                                            (2026/09/24)",年,,3,,,連結,,https://wealth.esunbank.com/zh-tw/offshore-bond/price/chart?bondid=A862,https://wealth.esunbank.com/zh-tw/-/media/ESUNBANK/Files/Wealth/Bonds/bond_A862.pdf
2026-09-25 11:29:16,酩悅·軒尼詩－路易·威登公司債券ＩＩ,FR001400QJ21,A863,2030/02/05,EUR,"100.27
                                            (2026/09/24)","98.25
                                            (2026/09/24)",年,,2,,,連結,,https://wealth.esunbank.com/zh-tw/offshore-bond/price/chart?bondid=A863,https://wealth.esunbank.com/zh-tw/-/media/ESUNBANK/Files/Wealth/Bonds/bond_A863.pdf
2026-09-25 11:29:16,酩悅·軒尼詩－路易·威登公司債券ＩＩＩ,FR001400TSK0,A864,2032/11/07,EUR,"96.73
                                            (2026/09/24)","94.65
                                            (2026/09/24)",年,,3,,,連結,,https://wealth.esunbank.com/zh-tw/offshore-bond/price/chart?bondid=A864,https://wealth.esunbank.com/zh-tw/-/media/ESUNBANK/Files/Wealth/Bonds/bond_A864.pdf
2026-09-25 11:29:16,摩根士丹利金融有限責任公司債券ＸＩＶ,XS2641758870,A865,2033/11/06,AUD,"100.20
                                            (2026/09/24)","96.79
                                            (2026/09/24)",季,,4,,,連結,,https://wealth.esunbank.com/zh-tw/offshore-bond/price/chart?bondid=A865,https://wealth.esunbank.com/zh-tw/-/media/ESUNBANK/Files/Wealth/Bonds/bond_A865.pdf
2026-09-25 11:29:16,摩根士丹利金融有限責任公司債券ＸＶ,XS2820407356,A866,2039/07/26,AUD,"106.54
                                            (2025/09/16)","89.00
                                            (2026/09/24)",季,,4,,,連結,,https://wealth.esunbank.com/zh-tw/offshore-bond/price/chart?bondid=A866,https://wealth.esunbank.com/zh-tw/-/media/ESUNBANK/Files/Wealth/Bonds/bond_A866.pdf
2026-09-25 11:29:16,歐洲復興開發銀行債券ＩＶ,XS3030091329,A867,2032/03/22,EUR,"97.49
                                            (2026/09/24)","95.25
                                            (2026/09/24)",年,,2,,,連結,,https://wealth.esunbank.com/zh-tw/offshore-bond/price/chart?bondid=A867,https://wealth.esunbank.com/zh-tw/-/media/ESUNBANK/Files/Wealth/Bonds/bond_A867.pdf
2026-09-25 11:29:16,空中巴士公司債券Ｉ,XS2185868051,A868,2040/06/09,EUR,"81.82
                                            (2026/09/24)","77.91
                                            (2026/09/24)",年,,3,,,連結,,https://wealth.esunbank.com/zh-tw/offshore-bond/price/chart?bondid=A868,https://wealth.esunbank.com/zh-tw/-/media/ESUNBANK/Files/Wealth/Bonds/bond_A868.pdf
2026-09-25 11:29:16,空中巴士公司債券ＩＩ,XS2185867913,A869,2030/06/09,EUR,"94.00
                                            (2026/09/24)","91.93
                                            (2026/09/24)",年,,3,,,連結,,https://wealth.esunbank.com/zh-tw/offshore-bond/price/chart?bondid=A869,https://wealth.esunbank.com/zh-tw/-/media/ESUNBANK/Files/Wealth/Bonds/bond_A869.pdf
2026-09-25 11:29:16,維多利亞財務公司債券I,AU3SG0003163,A870,2039/09/15,AUD,"96.36
                                            (2026/09/24)","92.78
                                            (2026/09/24)",半年,,4,,,連結,,https://wealth.esunbank.com/zh-tw/offshore-bond/price/chart?bondid=A870,https://wealth.esunbank.com/zh-tw/-/media/ESUNBANK/Files/Wealth/Bonds/bond_A870.pdf
2026-09-25 11:29:16,維多利亞財務公司債券ＩＩ,AU3SG0002710,A871,2036/09/15,AUD,"93.43
                                            (2026/09/24)","90.39
                                            (2026/09/24)",半年,,4,,,連結,,https://wealth.esunbank.com/zh-tw/offshore-bond/price/chart?bondid=A871,https://wealth.esunbank.com/zh-tw/-/media/ESUNBANK/Files/Wealth/Bonds/bond_A871.pdf
2026-09-25 11:29:16,康卡斯特公司債券Ｖ,XS2909746401,A872,2036/09/26,EUR,"94.17
                                            (2026/09/24)","91.04
                                            (2026/09/24)",年,,3,,,連結,,https://wealth.esunbank.com/zh-tw/offshore-bond/price/chart?bondid=A872,https://wealth.esunbank.com/zh-tw/-/media/ESUNBANK/Files/Wealth/Bonds/bond_A872.pdf
2026-09-25 11:29:16,高盛金融公司國際有限公司債券ＸＩＶ,XS2481694433,A873,2040/04/30,EUR,"89.63
                                            (2026/09/24)","83.52
                                            (2026/09/24)",季,,3,,,連結,,https://wealth.esunbank.com/zh-tw/offshore-bond/price/chart?bondid=A873,https://wealth.esunbank.com/zh-tw/-/media/ESUNBANK/Files/Wealth/Bonds/bond_A873.pdf
2026-09-25 11:29:16,ＡＬＰＨＡＢＥＴ公司債券Ｉ,US02079KAL17,A874,2035/05/15,USD,"94.89
                                            (2026/09/24)","92.02
                                            (2026/09/24)",半年,,3,,,連結,,https://wealth.esunbank.com/zh-tw/offshore-bond/price/chart?bondid=A874,https://wealth.esunbank.com/zh-tw/-/media/ESUNBANK/Files/Wealth/Bonds/bond_A874.pdf
2026-09-25 11:29:16,ＡＬＰＨＡＢＥＴ公司債券ＩＩ,US02079KAK34,A875,2030/05/15,USD,"97.75
                                            (2026/09/24)","95.51
                                            (2026/09/24)",半年,,2,,,連結,,https://wealth.esunbank.com/zh-tw/offshore-bond/price/chart?bondid=A875,https://wealth.esunbank.com/zh-tw/-/media/ESUNBANK/Files/Wealth/Bonds/bond_A875.pdf
2026-09-25 11:29:16,威爾塔ＯＰ有限責任公司債券Ｉ,US95040QAD60,A876,2028/04/15,USD,"100.13
                                            (2026/09/11)","98.49
                                            (2026/09/24)",半年,,3,,,連結,,https://wealth.esunbank.com/zh-tw/offshore-bond/price/chart?bondid=A876,https://wealth.esunbank.com/zh-tw/-/media/ESUNBANK/Files/Wealth/Bonds/bond_A876.pdf
2026-09-25 11:29:16,威爾塔ＯＰ有限責任公司債券ＩＩ,US95040QAM69,A877,2031/06/01,USD,"90.75
                                            (2026/09/24)","88.56
                                            (2026/09/24)",半年,,3,,,連結,,https://wealth.esunbank.com/zh-tw/offshore-bond/price/chart?bondid=A877,https://wealth.esunbank.com/zh-tw/-/media/ESUNBANK/Files/Wealth/Bonds/bond_A877.pdf
2026-09-25 11:29:16,文塔斯房地產有限合夥公司債券Ｉ,US92277GAN79,A878,2029/01/15,USD,"99.14
                                            (2026/09/24)","97.60
                                            (2026/09/24)",半年,,4,,限專業投資人,連結,,https://wealth.esunbank.com/zh-tw/offshore-bond/price/chart?bondid=A878,https://wealth.esunbank.com/zh-tw/-/media/ESUNBANK/Files/Wealth/Bonds/bond_A878.pdf
2026-09-25 11:29:16,文塔斯房地產有限合夥公司債券ＩＩ,US92277GBA40,A879,2035/01/15,USD,"96.42
                                            (2026/09/24)","93.58
                                            (2026/09/24)",半年,,4,,限專業投資人,連結,,https://wealth.esunbank.com/zh-tw/offshore-bond/price/chart?bondid=A879,https://wealth.esunbank.com/zh-tw/-/media/ESUNBANK/Files/Wealth/Bonds/bond_A879.pdf
2026-09-25 11:29:16,優步科技公司債券Ｉ,US90353TAP57,A880,2034/09/15,USD,"95.74
                                            (2026/09/24)","92.94
                                            (2026/09/24)",半年,,4,,限專業投資人,連結,,https://wealth.esunbank.com/zh-tw/offshore-bond/price/chart?bondid=A880,https://wealth.esunbank.com/zh-tw/-/media/ESUNBANK/Files/Wealth/Bonds/bond_A880.pdf
2026-09-25 11:29:16,摩根大通銀行債券ＶＩ,US46647PEC68,A881,2035/01/23,USD,"99.49
                                            (2026/09/24)","96.73
                                            (2026/09/24)",半年,,5,,限專業投資人,連結,,https://wealth.esunbank.com/zh-tw/offshore-bond/price/chart?bondid=A881,https://wealth.esunbank.com/zh-tw/-/media/ESUNBANK/Files/Wealth/Bonds/bond_A881.pdf
2026-09-25 11:29:16,三菱日聯金融集團債券ＩＩＩ,US606822DH40,A882,2036/01/16,USD,"99.89
                                            (2026/09/24)","97.10
                                            (2026/09/24)",半年,,5,,限專業投資人,連結,,https://wealth.esunbank.com/zh-tw/offshore-bond/price/chart?bondid=A882,https://wealth.esunbank.com/zh-tw/-/media/ESUNBANK/Files/Wealth/Bonds/bond_A882.pdf
2026-09-25 11:29:16,直覺公司債券Ｉ,US46124HAF38,A883,2028/09/15,USD,"101.15
                                            (2026/09/24)","99.72
                                            (2026/09/24)",半年,,3,,,連結,,https://wealth.esunbank.com/zh-tw/offshore-bond/price/chart?bondid=A883,https://wealth.esunbank.com/zh-tw/-/media/ESUNBANK/Files/Wealth/Bonds/bond_A883.pdf
2026-09-25 11:29:16,直覺公司債券ＩＩ,US46124HAG11,A884,2033/09/15,USD,"98.23
                                            (2026/09/24)","95.91
                                            (2026/09/24)",半年,,3,,,連結,,https://wealth.esunbank.com/zh-tw/offshore-bond/price/chart?bondid=A884,https://wealth.esunbank.com/zh-tw/-/media/ESUNBANK/Files/Wealth/Bonds/bond_A884.pdf
2026-09-25 11:29:16,奧多比系統公司債券Ｉ,US00724PAG46,A885,2034/04/04,USD,"98.09
                                            (2026/09/24)","95.15
                                            (2026/09/24)",半年,,3,,,連結,,https://wealth.esunbank.com/zh-tw/offshore-bond/price/chart?bondid=A885,https://wealth.esunbank.com/zh-tw/-/media/ESUNBANK/Files/Wealth/Bonds/bond_A885.pdf
2026-09-25 11:29:16,奧多比系統公司債券ＩＩ,US00724PAK57,A886,2035/01/17,USD,"99.56
                                            (2026/09/24)","96.47
                                            (2026/09/24)",半年,,3,,,連結,,https://wealth.esunbank.com/zh-tw/offshore-bond/price/chart?bondid=A886,https://wealth.esunbank.com/zh-tw/-/media/ESUNBANK/Files/Wealth/Bonds/bond_A886.pdf
2026-09-25 11:29:16,瑞穗金融集團債券ＩＩ,US60687YDJ55,A891,2036/05/13,USD,"99.04
                                            (2026/09/24)","95.70
                                            (2026/09/24)",半年,,5,,限專業投資人,連結,,https://wealth.esunbank.com/zh-tw/offshore-bond/price/chart?bondid=A891,https://wealth.esunbank.com/zh-tw/-/media/ESUNBANK/Files/Wealth/Bonds/bond_A891.pdf
2026-09-25 11:29:16,洲際交易所債券Ｉ,US45866FAW41,A892,2033/03/15,USD,"96.37
                                            (2026/09/24)","94.10
                                            (2026/09/24)",半年,,3,,,連結,,https://wealth.esunbank.com/zh-tw/offshore-bond/price/chart?bondid=A892,https://wealth.esunbank.com/zh-tw/-/media/ESUNBANK/Files/Wealth/Bonds/bond_A892.pdf
2026-09-25 11:29:16,洲際交易所債券ＩＩ,US45866FAV67,A893,2029/06/15,USD,"98.84
                                            (2026/09/24)","97.30
                                            (2026/09/24)",半年,,3,,,連結,,https://wealth.esunbank.com/zh-tw/offshore-bond/price/chart?bondid=A893,https://wealth.esunbank.com/zh-tw/-/media/ESUNBANK/Files/Wealth/Bonds/bond_A893.pdf
2026-09-25 11:29:16,加拿大皇家銀行（倫敦）債券Ｉ,XS3088702512,A894,2035/07/14,USD,"98.13
                                            (2026/09/24)","94.13
                                            (2026/09/24)",月,,3,,,連結,,https://wealth.esunbank.com/zh-tw/offshore-bond/price/chart?bondid=A894,https://wealth.esunbank.com/zh-tw/-/media/ESUNBANK/Files/Wealth/Bonds/bond_A894.pdf
2026-09-25 11:29:16,摩根士丹利金融有限責任公司ＸＶＩ,XS2990482411,A895,2040/06/03,GBP,"88.26
                                            (2026/09/24)","82.70
                                            (2026/09/24)",季,,3,,,連結,,https://wealth.esunbank.com/zh-tw/offshore-bond/price/chart?bondid=A895,https://wealth.esunbank.com/zh-tw/-/media/ESUNBANK/Files/Wealth/Bonds/bond_A895.pdf
2026-09-25 11:29:16,美林私人有限公司債券ＸＩＩＩ,XS2711530829,A896,2039/01/26,USD,"94.65
                                            (2026/09/24)","90.05
                                            (2026/09/24)",月,,3,,,連結,,https://wealth.esunbank.com/zh-tw/offshore-bond/price/chart?bondid=A896,https://wealth.esunbank.com/zh-tw/-/media/ESUNBANK/Files/Wealth/Bonds/bond_A896.pdf
2026-09-25 11:29:16,匯豐控股債券ＸＶＩ,US404280EN53,A897,2030/11/19,USD,-,"98.70
                                            (2026/09/24)",半年,,5,,限專業投資人/高資產顧客/專區顧客,連結,,https://wealth.esunbank.com/zh-tw/offshore-bond/price/chart?bondid=A897,https://wealth.esunbank.com/zh-tw/-/media/ESUNBANK/Files/Wealth/Bonds/bond_A897.pdf
2026-09-25 11:29:16,瑞穗金融集團債券ＩＩＩ,US60687YDH99,A898,2031/05/13,USD,-,"97.91
                                            (2026/09/24)",半年,,5,,限專業投資人/高資產顧客/專區顧客,連結,,https://wealth.esunbank.com/zh-tw/offshore-bond/price/chart?bondid=A898,https://wealth.esunbank.com/zh-tw/-/media/ESUNBANK/Files/Wealth/Bonds/bond_A898.pdf
2026-09-25 11:29:16,三井住友信託銀行債券Ｉ,USJ7771YSY43,A899,2034/03/07,USD,-,"96.83
                                            (2026/09/24)",半年,,3,,限專業投資人/高資產顧客/專區顧客,連結,,https://wealth.esunbank.com/zh-tw/offshore-bond/price/chart?bondid=A899,https://wealth.esunbank.com/zh-tw/-/media/ESUNBANK/Files/Wealth/Bonds/bond_A899.pdf
2026-09-25 11:29:16,美國銀行債券ＩＩＩ,US06051GLH01,A900,2034/04/25,USD,-,"96.79
                                            (2026/09/24)",半年,,5,,限專業投資人/高資產顧客/專區顧客,連結,,https://wealth.esunbank.com/zh-tw/offshore-bond/price/chart?bondid=A900,https://wealth.esunbank.com/zh-tw/-/media/ESUNBANK/Files/Wealth/Bonds/bond_A900.pdf
2026-09-25 11:29:16,瑞銀集團債券ＩＶ,USH3698DCW23,A901,2031/04/01,USD,-,"95.21
                                            (2026/09/24)",半年,,5,,限專業投資人/高資產顧客/專區顧客,連結,,https://wealth.esunbank.com/zh-tw/offshore-bond/price/chart?bondid=A901,https://wealth.esunbank.com/zh-tw/-/media/ESUNBANK/Files/Wealth/Bonds/bond_A901.pdf
2026-09-25 11:29:16,摩根大通銀行債券ＶＩＩ,US46647PDC77,A902,2033/04/26,USD,-,"94.20
                                            (2026/09/24)",半年,,5,,限專業投資人/高資產顧客/專區顧客,連結,,https://wealth.esunbank.com/zh-tw/offshore-bond/price/chart?bondid=A902,https://wealth.esunbank.com/zh-tw/-/media/ESUNBANK/Files/Wealth/Bonds/bond_A902.pdf
2026-09-25 11:29:16,摩根士丹利金融有限責任公司債券ＸＶＩＩ,XS3088245355,A903,2050/07/24,JPY,"74.06
                                            (2026/09/24)","69.30
                                            (2026/09/24)",季,,3,,,連結,,https://wealth.esunbank.com/zh-tw/offshore-bond/price/chart?bondid=A903,https://wealth.esunbank.com/zh-tw/-/media/ESUNBANK/Files/Wealth/Bonds/bond_A903.pdf
2026-09-25 11:29:16,阿布達比政府國際債券ＩＩ,XS2125308168,A904,2030/04/16,USD,"98.90
                                            (2026/03/06)","91.88
                                            (2026/09/24)",半年,,2,,,連結,,https://wealth.esunbank.com/zh-tw/offshore-bond/price/chart?bondid=A904,https://wealth.esunbank.com/zh-tw/-/media/ESUNBANK/Files/Wealth/Bonds/bond_A904.pdf
2026-09-25 11:29:16,阿聯酋國際政府債券ＩＶ,XS2492384818,A905,2032/07/07,USD,"101.36
                                            (2026/03/06)","93.29
                                            (2026/09/24)",半年,,2,,,連結,,https://wealth.esunbank.com/zh-tw/offshore-bond/price/chart?bondid=A905,https://wealth.esunbank.com/zh-tw/-/media/ESUNBANK/Files/Wealth/Bonds/bond_A905.pdf
2026-09-25 11:29:16,卡達政府國際債券Ｖ,XS2155352664,A906,2030/04/16,USD,"100.70
                                            (2026/03/06)","94.59
                                            (2026/09/24)",半年,,2,,,連結,,https://wealth.esunbank.com/zh-tw/offshore-bond/price/chart?bondid=A906,https://wealth.esunbank.com/zh-tw/-/media/ESUNBANK/Files/Wealth/Bonds/bond_A906.pdf
2026-09-25 11:29:16,美林私人有限公司債券ＸＩＶ,XS3060187799,A907,2033/07/24,AUD,"95.65
                                            (2026/09/24)","91.55
                                            (2026/09/24)",月,,4,,,連結,,https://wealth.esunbank.com/zh-tw/offshore-bond/price/chart?bondid=A907,https://wealth.esunbank.com/zh-tw/-/media/ESUNBANK/Files/Wealth/Bonds/bond_A907.pdf
2026-09-25 11:29:16,美林私人有限公司債券ＸＶ,XS3100013179,A908,2037/07/24,AUD,"93.54
                                            (2026/09/24)","88.54
                                            (2026/09/24)",月,,4,,,連結,,https://wealth.esunbank.com/zh-tw/offshore-bond/price/chart?bondid=A908,https://wealth.esunbank.com/zh-tw/-/media/ESUNBANK/Files/Wealth/Bonds/bond_A908.pdf
2026-09-25 11:29:16,金德摩根公司（德拉瓦州）債券Ｉ,US49456BBB62,A909,2030/06/01,USD,"100.95
                                            (2026/09/24)","98.91
                                            (2026/09/24)",半年,,4,,限專業投資人,連結,,https://wealth.esunbank.com/zh-tw/offshore-bond/price/chart?bondid=A909,https://wealth.esunbank.com/zh-tw/-/media/ESUNBANK/Files/Wealth/Bonds/bond_A909.pdf
2026-09-25 11:29:16,金德摩根公司（德拉瓦州）債券ＩＩ,US49456BAG68,A910,2034/12/01,USD,"98.67
                                            (2026/09/24)","95.84
                                            (2026/09/24)",半年,,4,,限專業投資人,連結,,https://wealth.esunbank.com/zh-tw/offshore-bond/price/chart?bondid=A910,https://wealth.esunbank.com/zh-tw/-/media/ESUNBANK/Files/Wealth/Bonds/bond_A910.pdf
2026-09-25 11:29:16,西門子金融公眾有限公司債券Ｉ,XS2589790018,A911,2043/02/24,EUR,"92.59
                                            (2026/09/24)","88.12
                                            (2026/09/24)",年,,3,,限專業投資人,連結,,https://wealth.esunbank.com/zh-tw/offshore-bond/price/chart?bondid=A911,https://wealth.esunbank.com/zh-tw/-/media/ESUNBANK/Files/Wealth/Bonds/bond_A911.pdf
2026-09-25 11:29:16,西門子金融公眾有限公司債券ＩＩ,XS2769892865,A912,2037/02/22,EUR,"94.74
                                            (2026/09/24)","91.93
                                            (2026/09/24)",年,,3,,限專業投資人,連結,,https://wealth.esunbank.com/zh-tw/offshore-bond/price/chart?bondid=A912,https://wealth.esunbank.com/zh-tw/-/media/ESUNBANK/Files/Wealth/Bonds/bond_A912.pdf
2026-09-25 11:29:16,西門子金融公眾有限公司債券ＩＩＩ,USN82008AF50,A913,2045/05/27,USD,"86.86
                                            (2026/09/24)","81.46
                                            (2026/09/24)",半年,,3,,,連結,,https://wealth.esunbank.com/zh-tw/offshore-bond/price/chart?bondid=A913,https://wealth.esunbank.com/zh-tw/-/media/ESUNBANK/Files/Wealth/Bonds/bond_A913.pdf
2026-09-25 11:29:16,美國銀行債券ＩＶ,US06051GMD87,A914,2035/10/25,USD,-,"95.74
                                            (2026/09/24)",半年,,5,,限專業投資人/高資產顧客/專區顧客,連結,,https://wealth.esunbank.com/zh-tw/offshore-bond/price/chart?bondid=A914,https://wealth.esunbank.com/zh-tw/-/media/ESUNBANK/Files/Wealth/Bonds/bond_A914.pdf
2026-09-25 11:29:16,摩根大通金融有限責任公司債券ＩＩＩ,XS1449469367,A915,2035/08/26,AUD,"93.27
                                            (2026/09/24)","89.26
                                            (2026/09/24)",月,,4,,,連結,,https://wealth.esunbank.com/zh-tw/offshore-bond/price/chart?bondid=A915,https://wealth.esunbank.com/zh-tw/-/media/ESUNBANK/Files/Wealth/Bonds/bond_A915.pdf
2026-09-25 11:29:16,ＩＢＭ國際資本債券Ｉ,US449276AG99,A916,2054/02/05,USD,-,"82.51
                                            (2026/09/24)",半年,,3,,限高資產顧客/專區顧客,連結,,https://wealth.esunbank.com/zh-tw/offshore-bond/price/chart?bondid=A916,https://wealth.esunbank.com/zh-tw/-/media/ESUNBANK/Files/Wealth/Bonds/bond_A916.pdf
2026-09-25 11:29:16,瑞銀集團債券Ｖ,USH42097FF95,A920,2050/12/31,USD,-,"97.26
                                            (2026/09/24)",半年,,5,,限專業投資人/高資產顧客/專區顧客,連結,,https://wealth.esunbank.com/zh-tw/offshore-bond/price/chart?bondid=A920,https://wealth.esunbank.com/zh-tw/-/media/ESUNBANK/Files/Wealth/Bonds/bond_A920.pdf
2026-09-25 11:29:16,加拿大皇家銀行（倫敦）債券ＩＩ,XS3088731537,A921,2040/09/10,USD,"93.78
                                            (2026/09/24)","89.28
                                            (2026/09/24)",季,,3,,,連結,,https://wealth.esunbank.com/zh-tw/offshore-bond/price/chart?bondid=A921,https://wealth.esunbank.com/zh-tw/-/media/ESUNBANK/Files/Wealth/Bonds/bond_A921.pdf
2026-09-25 11:29:16,三井住友金融集團債券ＩＩ,US86562MEA45,A922,2036/07/08,USD,-,"94.68
                                            (2026/09/24)",半年,,5,,限專業投資人/高資產顧客/專區顧客,連結,,https://wealth.esunbank.com/zh-tw/offshore-bond/price/chart?bondid=A922,https://wealth.esunbank.com/zh-tw/-/media/ESUNBANK/Files/Wealth/Bonds/bond_A922.pdf
2026-09-25 11:29:16,美國銀行債券Ｖ,US59022CAJ27,A923,2037/01/29,USD,-,"99.18
                                            (2026/09/24)",半年,,5,,限專業投資人/高資產顧客/專區顧客,連結,,https://wealth.esunbank.com/zh-tw/offshore-bond/price/chart?bondid=A923,https://wealth.esunbank.com/zh-tw/-/media/ESUNBANK/Files/Wealth/Bonds/bond_A923.pdf
2026-09-25 11:29:16,高盛金融公司國際有限公司債券ＸＶ,XS3034004351,A924,2035/09/10,USD,"90.25
                                            (2026/09/24)","85.74
                                            (2026/09/24)",季,,3,,,連結,,https://wealth.esunbank.com/zh-tw/offshore-bond/price/chart?bondid=A924,https://wealth.esunbank.com/zh-tw/-/media/ESUNBANK/Files/Wealth/Bonds/bond_A924.pdf
2026-09-25 11:29:16,ＩＢＭ公司債券ＩＩ,US459200HF10,A925,2042/06/20,USD,"78.59
                                            (2026/09/24)","75.62
                                            (2026/09/24)",半年,,3,,,連結,,https://wealth.esunbank.com/zh-tw/offshore-bond/price/chart?bondid=A925,https://wealth.esunbank.com/zh-tw/-/media/ESUNBANK/Files/Wealth/Bonds/bond_A925.pdf
2026-09-25 11:29:16,ＩＢＭ公司債券ＩＩＩ,US459200KU40,A926,2032/07/27,USD,"95.48
                                            (2026/09/24)","93.08
                                            (2026/09/24)",半年,,3,,,連結,,https://wealth.esunbank.com/zh-tw/offshore-bond/price/chart?bondid=A926,https://wealth.esunbank.com/zh-tw/-/media/ESUNBANK/Files/Wealth/Bonds/bond_A926.pdf
2026-09-25 11:29:16,禮來公司債券ＩＶ,US532457BT48,A927,2049/03/15,USD,"76.66
                                            (2026/09/24)","73.81
                                            (2026/09/24)",半年,,3,,,連結,,https://wealth.esunbank.com/zh-tw/offshore-bond/price/chart?bondid=A927,https://wealth.esunbank.com/zh-tw/-/media/ESUNBANK/Files/Wealth/Bonds/bond_A927.pdf
2026-09-25 11:29:16,禮來公司債券Ｖ,US532457DE50,A928,2035/10/15,USD,"97.48
                                            (2026/09/24)","94.65
                                            (2026/09/24)",半年,,3,,,連結,,https://wealth.esunbank.com/zh-tw/offshore-bond/price/chart?bondid=A928,https://wealth.esunbank.com/zh-tw/-/media/ESUNBANK/Files/Wealth/Bonds/bond_A928.pdf
2026-09-25 11:29:16,亞馬遜公司債券ＶＩ,US023135AQ91,A929,2044/12/05,USD,"88.94
                                            (2026/09/24)","86.10
                                            (2026/09/24)",半年,,3,,,連結,,https://wealth.esunbank.com/zh-tw/offshore-bond/price/chart?bondid=A929,https://wealth.esunbank.com/zh-tw/-/media/ESUNBANK/Files/Wealth/Bonds/bond_A929.pdf
2026-09-25 11:29:16,美國銀行債券ＶＩ,US06051GEN51,A931,2042/02/07,USD,-,"97.52
                                            (2026/09/24)",半年,,5,,限專業投資人/高資產顧客/專區顧客,連結,,https://wealth.esunbank.com/zh-tw/offshore-bond/price/chart?bondid=A931,https://wealth.esunbank.com/zh-tw/-/media/ESUNBANK/Files/Wealth/Bonds/bond_A931.pdf
2026-09-25 11:29:16,美國銀行次順位債券ＶＩＩ,US06051GMB22,A932,2035/08/15,USD,"104.65
                                            (2025/10/01)","95.40
                                            (2026/09/24)",半年,,5,,限專業投資人/高資產顧客/專區顧客,連結,,https://wealth.esunbank.com/zh-tw/offshore-bond/price/chart?bondid=A932,https://wealth.esunbank.com/zh-tw/-/media/ESUNBANK/Files/Wealth/Bonds/bond_A932.pdf
2026-09-25 11:29:16,野村國際融資私人有限公司債券I,XS3117673999,A933,2035/09/15,AUD,"92.03
                                            (2026/09/24)","88.03
                                            (2026/09/24)",月,,4,,,連結,,https://wealth.esunbank.com/zh-tw/offshore-bond/price/chart?bondid=A933,https://wealth.esunbank.com/zh-tw/-/media/ESUNBANK/Files/Wealth/Bonds/bond_A933.pdf
2026-09-25 11:29:16,台積電子公司債券ＶＩＩ,US872898AD36,A934,2041/10/25,USD,"78.15
                                            (2026/09/24)","73.90
                                            (2026/09/24)",半年,,3,,,連結,,https://wealth.esunbank.com/zh-tw/offshore-bond/price/chart?bondid=A934,https://wealth.esunbank.com/zh-tw/-/media/ESUNBANK/Files/Wealth/Bonds/bond_A934.pdf
2026-09-25 11:29:16,摩根大通金融有限責任公司債券ＩＶ－零息債,XS1449431474,A935,2040/11/06,ZAR,"32.21
                                            (2026/09/24)","29.00
                                            (2026/09/24)",,,4,,,連結,,https://wealth.esunbank.com/zh-tw/offshore-bond/price/chart?bondid=A935,https://wealth.esunbank.com/zh-tw/-/media/ESUNBANK/Files/Wealth/Bonds/bond_A935.pdf
2026-09-25 11:29:16,國泰人壽新加坡公司次順位債券ＩＩ,XS2885079702,A936,2039/09/05,USD,"98.48
                                            (2026/09/24)","94.81
                                            (2026/09/24)",半年,,4,,限專業投資人,連結,,https://wealth.esunbank.com/zh-tw/offshore-bond/price/chart?bondid=A936,https://wealth.esunbank.com/zh-tw/-/media/ESUNBANK/Files/Wealth/Bonds/bond_A936.pdf
2026-09-25 11:29:16,摩根士丹利金融有限責任公司債券ＸＶＩＩＩ,XS3088248292,A937,2040/10/23,ZAR,"94.54
                                            (2026/09/24)","88.54
                                            (2026/09/24)",季,,4,,,連結,,https://wealth.esunbank.com/zh-tw/offshore-bond/price/chart?bondid=A937,https://wealth.esunbank.com/zh-tw/-/media/ESUNBANK/Files/Wealth/Bonds/bond_A937.pdf
2026-09-25 11:29:16,南山人壽公司次順位債券ＩＩ,XS3046322593,A938,2041/03/17,USD,"96.69
                                            (2026/09/24)","92.84
                                            (2026/09/24)",半年,,4,,限專業投資人,連結,,https://wealth.esunbank.com/zh-tw/offshore-bond/price/chart?bondid=A938,https://wealth.esunbank.com/zh-tw/-/media/ESUNBANK/Files/Wealth/Bonds/bond_A938.pdf
2026-09-25 11:29:16,富邦人壽新加坡公司次順位債券Ｉ,XS3151416727,A939,2035/12/10,USD,"96.91
                                            (2026/09/24)","93.95
                                            (2026/09/24)",半年,,4,,限專業投資人,連結,,https://wealth.esunbank.com/zh-tw/offshore-bond/price/chart?bondid=A939,https://wealth.esunbank.com/zh-tw/-/media/ESUNBANK/Files/Wealth/Bonds/bond_A939.pdf
2026-09-25 11:29:16,伊頓公司永續發展連結債券Ｉ,US278062AH73,A940,2033/03/15,USD,"94.81
                                            (2026/09/24)","92.63
                                            (2026/09/24)",半年,,3,,,連結,,https://wealth.esunbank.com/zh-tw/offshore-bond/price/chart?bondid=A940,https://wealth.esunbank.com/zh-tw/-/media/ESUNBANK/Files/Wealth/Bonds/bond_A940.pdf
2026-09-25 11:29:16,伊頓公司債券ＩＩ,US278062AE43,A941,2042/11/02,USD,"84.80
                                            (2026/09/24)","80.80
                                            (2026/09/24)",半年,,3,,,連結,,https://wealth.esunbank.com/zh-tw/offshore-bond/price/chart?bondid=A941,https://wealth.esunbank.com/zh-tw/-/media/ESUNBANK/Files/Wealth/Bonds/bond_A941.pdf
2026-09-25 11:29:16,花旗環球證券控股公司債券Ｖ,XS3012958636,A942,2045/03/21,USD,"91.85
                                            (2026/04/30)","76.80
                                            (2026/09/24)",月,,3,,,連結,,https://wealth.esunbank.com/zh-tw/offshore-bond/price/chart?bondid=A942,https://wealth.esunbank.com/zh-tw/-/media/ESUNBANK/Files/Wealth/Bonds/bond_A942.pdf
2026-09-25 11:29:16,墨西哥政府債券Ｉ,MX0MGO0000J5,A943,2038/11/18,MXN,"100.24
                                            (2026/01/30)","92.02
                                            (2026/08/31)",半年,,5,,限專業投資人/高資產顧客/專區顧客,連結,,https://wealth.esunbank.com/zh-tw/offshore-bond/price/chart?bondid=A943,https://wealth.esunbank.com/zh-tw/-/media/ESUNBANK/Files/Wealth/Bonds/bond_A943.pdf
2026-09-25 11:29:16,ＥＬＥＶＡＮＣＥ健康公司債券Ｉ,US036752BJ10,A944,2032/09/15,USD,"96.31
                                            (2026/09/24)","93.97
                                            (2026/09/24)",半年,,3,,,連結,,https://wealth.esunbank.com/zh-tw/offshore-bond/price/chart?bondid=A944,https://wealth.esunbank.com/zh-tw/-/media/ESUNBANK/Files/Wealth/Bonds/bond_A944.pdf
2026-09-25 11:29:16,ＥＬＥＶＡＮＣＥ健康公司債券ＩＩ,US036752BK82,A945,2036/01/15,USD,"95.92
                                            (2026/09/24)","93.13
                                            (2026/09/24)",半年,,3,,,連結,,https://wealth.esunbank.com/zh-tw/offshore-bond/price/chart?bondid=A945,https://wealth.esunbank.com/zh-tw/-/media/ESUNBANK/Files/Wealth/Bonds/bond_A945.pdf
2026-09-25 11:29:16,信諾集團債券Ｉ,US125523CY43,A946,2032/09/15,USD,"97.83
                                            (2026/09/24)","95.54
                                            (2026/09/24)",半年,,3,,,連結,,https://wealth.esunbank.com/zh-tw/offshore-bond/price/chart?bondid=A946,https://wealth.esunbank.com/zh-tw/-/media/ESUNBANK/Files/Wealth/Bonds/bond_A946.pdf
2026-09-25 11:29:16,信諾集團債券ＩＩ,US125523CZ18,A947,2036/01/15,USD,"97.82
                                            (2026/09/24)","94.95
                                            (2026/09/24)",半年,,3,,,連結,,https://wealth.esunbank.com/zh-tw/offshore-bond/price/chart?bondid=A947,https://wealth.esunbank.com/zh-tw/-/media/ESUNBANK/Files/Wealth/Bonds/bond_A947.pdf
2026-09-25 11:29:16,信諾集團債券ＩＩＩ,US125523AJ93,A948,2038/08/15,USD,"92.70
                                            (2026/09/24)","89.28
                                            (2026/09/24)",半年,,3,,,連結,,https://wealth.esunbank.com/zh-tw/offshore-bond/price/chart?bondid=A948,https://wealth.esunbank.com/zh-tw/-/media/ESUNBANK/Files/Wealth/Bonds/bond_A948.pdf
2026-09-25 11:29:16,超微半導體公司債券Ｉ,US007903BF39,A949,2032/06/01,USD,"94.14
                                            (2026/09/24)","91.71
                                            (2026/09/24)",半年,,3,,,連結,,https://wealth.esunbank.com/zh-tw/offshore-bond/price/chart?bondid=A949,https://wealth.esunbank.com/zh-tw/-/media/ESUNBANK/Files/Wealth/Bonds/bond_A949.pdf
2026-09-25 11:29:16,星座能源發電有限責任公司債券Ｉ,US210385AD21,A950,2034/01/15,USD,"104.37
                                            (2026/09/24)","101.41
                                            (2026/09/24)",半年,,4,,限專業投資人,連結,,https://wealth.esunbank.com/zh-tw/offshore-bond/price/chart?bondid=A950,https://wealth.esunbank.com/zh-tw/-/media/ESUNBANK/Files/Wealth/Bonds/bond_A950.pdf
2026-09-25 11:29:16,星座能源發電有限責任公司債券ＩＩ,US30161MAG87,A951,2039/10/01,USD,"103.61
                                            (2026/09/24)","99.59
                                            (2026/09/24)",半年,,4,,限專業投資人,連結,,https://wealth.esunbank.com/zh-tw/offshore-bond/price/chart?bondid=A951,https://wealth.esunbank.com/zh-tw/-/media/ESUNBANK/Files/Wealth/Bonds/bond_A951.pdf
2026-09-25 11:29:16,星座能源發電有限責任公司債券ＩＩＩ,US30161MAN39,A952,2042/06/15,USD,"97.62
                                            (2026/09/24)","93.22
                                            (2026/09/24)",半年,,4,,限專業投資人,連結,,https://wealth.esunbank.com/zh-tw/offshore-bond/price/chart?bondid=A952,https://wealth.esunbank.com/zh-tw/-/media/ESUNBANK/Files/Wealth/Bonds/bond_A952.pdf
2026-09-25 11:29:16,美國銀行債券ＶＩＩＩ,US06051GJA85,A953,2051/03/20,USD,-,"73.70
                                            (2026/09/24)",半年,,5,,限專業投資人/高資產顧客/專區顧客,連結,,https://wealth.esunbank.com/zh-tw/offshore-bond/price/chart?bondid=A953,https://wealth.esunbank.com/zh-tw/-/media/ESUNBANK/Files/Wealth/Bonds/bond_A953.pdf
2026-09-25 11:29:16,加拿大皇家銀行（倫敦）債券ＩＩＩ,XS3151526400,A954,2050/11/18,USD,"85.72
                                            (2026/09/24)","80.22
                                            (2026/09/24)",月,,3,,,連結,,https://wealth.esunbank.com/zh-tw/offshore-bond/price/chart?bondid=A954,https://wealth.esunbank.com/zh-tw/-/media/ESUNBANK/Files/Wealth/Bonds/bond_A954.pdf
2026-09-25 11:29:16,ＡＬＰＨＡＢＥＴ公司債券ＩＩＩ,US02079KAY38,A955,2035/11/15,USD,"94.82
                                            (2026/09/24)","91.99
                                            (2026/09/24)",半年,,3,,,連結,,https://wealth.esunbank.com/zh-tw/offshore-bond/price/chart?bondid=A955,https://wealth.esunbank.com/zh-tw/-/media/ESUNBANK/Files/Wealth/Bonds/bond_A955.pdf
2026-09-25 11:29:16,ＡＬＰＨＡＢＥＴ公司債券ＩＶ,US02079KAZ03,A956,2045/11/15,USD,"94.13
                                            (2026/09/24)","89.18
                                            (2026/09/24)",半年,,3,,,連結,,https://wealth.esunbank.com/zh-tw/offshore-bond/price/chart?bondid=A956,https://wealth.esunbank.com/zh-tw/-/media/ESUNBANK/Files/Wealth/Bonds/bond_A956.pdf
2026-09-25 11:29:16,淡馬錫金融Ｉ有限公司債券ＩＩ,HK0001173357,A957,2035/07/30,CNY,"103.05
                                            (2026/09/24)","99.42
                                            (2026/09/24)",半年,,3,,,連結,,https://wealth.esunbank.com/zh-tw/offshore-bond/price/chart?bondid=A957,https://wealth.esunbank.com/zh-tw/-/media/ESUNBANK/Files/Wealth/Bonds/bond_A957.pdf
2026-09-25 11:29:16,亞馬遜公司債券ＶＩＩ,US023135CV68,A958,2035/11/20,USD,"94.16
                                            (2026/09/24)","91.32
                                            (2026/09/24)",半年,,3,,,連結,,https://wealth.esunbank.com/zh-tw/offshore-bond/price/chart?bondid=A958,https://wealth.esunbank.com/zh-tw/-/media/ESUNBANK/Files/Wealth/Bonds/bond_A958.pdf
2026-09-25 11:29:16,亞馬遜公司債券ＶＩＩＩ,US023135CT13,A959,2030/11/20,USD,"96.57
                                            (2026/09/24)","94.89
                                            (2026/09/24)",半年,,2,,,連結,,https://wealth.esunbank.com/zh-tw/offshore-bond/price/chart?bondid=A959,https://wealth.esunbank.com/zh-tw/-/media/ESUNBANK/Files/Wealth/Bonds/bond_A959.pdf
2026-09-25 11:29:16,黑石監管金融有限責任公司債券Ｉ,US092914AC40,A960,2036/02/15,USD,"101.20
                                            (2026/03/04)","92.01
                                            (2026/09/24)",半年,,3,,,連結,,https://wealth.esunbank.com/zh-tw/offshore-bond/price/chart?bondid=A960,https://wealth.esunbank.com/zh-tw/-/media/ESUNBANK/Files/Wealth/Bonds/bond_A960.pdf
2026-09-25 11:29:16,黑石監管金融有限責任公司債券ＩＩ,US092914AB66,A961,2030/11/03,USD,"101.20
                                            (2026/03/04)","95.26
                                            (2026/09/24)",半年,,3,,,連結,,https://wealth.esunbank.com/zh-tw/offshore-bond/price/chart?bondid=A961,https://wealth.esunbank.com/zh-tw/-/media/ESUNBANK/Files/Wealth/Bonds/bond_A961.pdf
2026-09-25 11:29:16,摩根大通金融有限責任公司零息債券Ｖ,XS1449445771,A962,2040/09/23,USD,"46.95
                                            (2026/09/24)","41.35
                                            (2026/09/24)",,,3,,,連結,,https://wealth.esunbank.com/zh-tw/offshore-bond/price/chart?bondid=A962,https://wealth.esunbank.com/zh-tw/-/media/ESUNBANK/Files/Wealth/Bonds/bond_A962.pdf
2026-09-25 11:29:16,澳洲政府債券ＩＶ,AU0000300535,A963,2054/06/21,AUD,-,"85.58
                                            (2026/09/24)",半年,,4,,限專區顧客,連結,,https://wealth.esunbank.com/zh-tw/offshore-bond/price/chart?bondid=A963,https://wealth.esunbank.com/zh-tw/-/media/ESUNBANK/Files/Wealth/Bonds/bond_A963.pdf
2026-09-25 11:29:16,美國銀行債券ＩＸ,US06051GGM50,A964,2038/04/24,USD,"96.21
                                            (2025/12/23)","86.07
                                            (2026/09/24)",半年,,5,,限專業投資人/專區顧客,連結,,https://wealth.esunbank.com/zh-tw/offshore-bond/price/chart?bondid=A964,https://wealth.esunbank.com/zh-tw/-/media/ESUNBANK/Files/Wealth/Bonds/bond_A964.pdf
2026-09-25 11:29:16,摩根士丹利債券ＶＩＩ,US61744YAR99,A965,2039/04/22,USD,"96.89
                                            (2025/12/23)","86.08
                                            (2026/09/24)",半年,,5,,限專業投資人/專區顧客,連結,,https://wealth.esunbank.com/zh-tw/offshore-bond/price/chart?bondid=A965,https://wealth.esunbank.com/zh-tw/-/media/ESUNBANK/Files/Wealth/Bonds/bond_A965.pdf
2026-09-25 11:29:16,威瑞森電信公司債券XII,US92343VHC19,A968,2037/07/02,USD,-,"93.90
                                            (2026/09/24)",半年,,3,,,-,,https://wealth.esunbank.com/zh-tw/offshore-bond/price/chart?bondid=A968,
2026-09-25 11:29:16,波克夏海瑟威金融公司債券ＩＩ,US084664BU46,A969,2042/05/15,USD,"87.95
                                            (2026/09/24)","83.68
                                            (2026/09/24)",半年,,3,,,連結,,https://wealth.esunbank.com/zh-tw/offshore-bond/price/chart?bondid=A969,https://wealth.esunbank.com/zh-tw/-/media/ESUNBANK/Files/Wealth/Bonds/bond_A969.pdf
2026-09-25 11:29:16,伯靈頓北方聖塔菲有限責任公司債券Ｉ,US12189LAS07,A970,2044/04/01,USD,"91.58
                                            (2026/09/24)","87.04
                                            (2026/09/24)",半年,,3,,,連結,,https://wealth.esunbank.com/zh-tw/offshore-bond/price/chart?bondid=A970,https://wealth.esunbank.com/zh-tw/-/media/ESUNBANK/Files/Wealth/Bonds/bond_A970.pdf
2026-09-25 11:29:16,摩根士丹利金融有限責任公司債券ＸＩＸ,XS3216486657,A971,2041/01/14,USD,"87.33
                                            (2026/09/24)","82.23
                                            (2026/09/24)",季,,4,,,連結,,https://wealth.esunbank.com/zh-tw/offshore-bond/price/chart?bondid=A971,https://wealth.esunbank.com/zh-tw/-/media/ESUNBANK/Files/Wealth/Bonds/bond_A971.pdf
2026-09-25 11:29:16,威士卡公司債券ＩＩ,US92826CBA99,A972,2033/02/12,USD,"96.65
                                            (2026/09/24)","94.31
                                            (2026/09/24)",半年,,2,,,連結,,https://wealth.esunbank.com/zh-tw/offshore-bond/price/chart?bondid=A972,https://wealth.esunbank.com/zh-tw/-/media/ESUNBANK/Files/Wealth/Bonds/bond_A972.pdf
2026-09-25 11:29:16,奇異公司債券ＩＶ,US369604CA96,A973,2036/01/29,USD,"97.14
                                            (2026/09/24)","94.34
                                            (2026/09/24)",半年,,3,,,連結,,https://wealth.esunbank.com/zh-tw/offshore-bond/price/chart?bondid=A973,https://wealth.esunbank.com/zh-tw/-/media/ESUNBANK/Files/Wealth/Bonds/bond_A973.pdf
2026-09-25 11:29:16,高盛金融公司國際有限公司債券ＸＶＩ,XS3284470294,A974,2036/03/04,USD,"94.29
                                            (2026/09/24)","89.98
                                            (2026/09/24)",季,,3,,,連結,,https://wealth.esunbank.com/zh-tw/offshore-bond/price/chart?bondid=A974,https://wealth.esunbank.com/zh-tw/-/media/ESUNBANK/Files/Wealth/Bonds/bond_A974.pdf
2026-09-25 11:29:16,摩根大通銀行債券VIII,US46647PDH64,A975,2033/07/25,USD,"102.16
                                            (2026/06/16)","99.48
                                            (2026/06/16)",半年,,5,,限專業投資人,連結,,https://wealth.esunbank.com/zh-tw/offshore-bond/price/chart?bondid=A975,https://wealth.esunbank.com/zh-tw/-/media/ESUNBANK/Files/Wealth/Bonds/bond_A975.pdf
2026-09-25 11:29:16,美國銀行債券X,US06051GMA49,A976,2035/01/23,USD,"104.76
                                            (2026/06/16)","101.56
                                            (2026/06/16)",半年,,5,,限專業投資人,連結,,https://wealth.esunbank.com/zh-tw/offshore-bond/price/chart?bondid=A976,https://wealth.esunbank.com/zh-tw/-/media/ESUNBANK/Files/Wealth/Bonds/bond_A976.pdf
2026-09-25 11:29:16,匯豐控股債券XVII,US404280DH94,A977,2033/08/11,USD,"103.46
                                            (2026/06/16)","100.81
                                            (2026/06/16)",半年,,5,,限專業投資人,連結,,https://wealth.esunbank.com/zh-tw/offshore-bond/price/chart?bondid=A977,https://wealth.esunbank.com/zh-tw/-/media/ESUNBANK/Files/Wealth/Bonds/bond_A977.pdf
2026-09-25 11:29:16,瑞銀集團債券ＶI,USH42097DT18,A978,2034/01/12,USD,"106.29
                                            (2026/06/16)","103.62
                                            (2026/06/16)",半年,,5,,限專業投資人,連結,,https://wealth.esunbank.com/zh-tw/offshore-bond/price/chart?bondid=A978,https://wealth.esunbank.com/zh-tw/-/media/ESUNBANK/Files/Wealth/Bonds/bond_A978.pdf
2026-09-25 11:29:16,ＭＥＴＡ平台公司債券ＸＩＩＩ,US30303MAD48,A979,2035/11/15,USD,"94.47
                                            (2026/09/24)","91.28
                                            (2026/09/24)",半年,,3,,,連結,,https://wealth.esunbank.com/zh-tw/offshore-bond/price/chart?bondid=A979,https://wealth.esunbank.com/zh-tw/-/media/ESUNBANK/Files/Wealth/Bonds/bond_A979.pdf
2026-09-25 11:29:16,亞馬遜公司債券ＶＩＶ,US023135DF00,A980,2036/03/13,USD,"95.38
                                            (2026/09/24)","92.35
                                            (2026/09/24)",半年,,3,,,連結,,https://wealth.esunbank.com/zh-tw/offshore-bond/price/chart?bondid=A980,https://wealth.esunbank.com/zh-tw/-/media/ESUNBANK/Files/Wealth/Bonds/bond_A980.pdf
2026-09-25 11:29:16,ＡＬＰＨＡＢＥＴ公司債券Ｖ,US02079KBM80,A981,2036/02/15,USD,"95.44
                                            (2026/09/24)","92.32
                                            (2026/09/24)",半年,,3,,,連結,,https://wealth.esunbank.com/zh-tw/offshore-bond/price/chart?bondid=A981,https://wealth.esunbank.com/zh-tw/-/media/ESUNBANK/Files/Wealth/Bonds/bond_A981.pdf
2026-09-25 11:29:16,匯豐控股債券ＸＶＩＩＩ,US404280EX36,A982,2036/05/13,USD,-,"97.71
                                            (2026/09/24)",半年,,5,,限專業投資人/專區顧客,連結,,https://wealth.esunbank.com/zh-tw/offshore-bond/price/chart?bondid=A982,https://wealth.esunbank.com/zh-tw/-/media/ESUNBANK/Files/Wealth/Bonds/bond_A982.pdf
2026-09-25 11:29:16,瑞銀集團債券ＶＩＩ,USH42097EU71,A983,2035/02/08,USD,-,"97.88
                                            (2026/09/24)",半年,,5,,限專業投資人/專區顧客,連結,,https://wealth.esunbank.com/zh-tw/offshore-bond/price/chart?bondid=A983,https://wealth.esunbank.com/zh-tw/-/media/ESUNBANK/Files/Wealth/Bonds/bond_A983.pdf
2026-09-25 11:29:16,三菱日聯金融集團債券ＩＶ,US606822DL51,A984,2036/04/24,USD,-,"97.04
                                            (2026/09/24)",半年,,5,,限專業投資人/高資產顧客/專區顧客,連結,,https://wealth.esunbank.com/zh-tw/offshore-bond/price/chart?bondid=A984,https://wealth.esunbank.com/zh-tw/-/media/ESUNBANK/Files/Wealth/Bonds/bond_A984.pdf
2026-09-25 11:29:16,摩根士丹利債券ＶＩＩＩ,US61748UAF93,A985,2036/01/18,USD,-,"96.59
                                            (2026/09/24)",半年,,5,,限專業投資人/高資產顧客/專區顧客,連結,,https://wealth.esunbank.com/zh-tw/offshore-bond/price/chart?bondid=A985,https://wealth.esunbank.com/zh-tw/-/media/ESUNBANK/Files/Wealth/Bonds/bond_A985.pdf
2026-09-25 11:29:16,輝達公司債券ＩＶ,US67066GAT13,A986,2036/06/15,USD,"95.78
                                            (2026/09/24)","92.87
                                            (2026/09/24)",半年,,3,,,連結,,https://wealth.esunbank.com/zh-tw/offshore-bond/price/chart?bondid=A986,https://wealth.esunbank.com/zh-tw/-/media/ESUNBANK/Files/Wealth/Bonds/bond_A986.pdf
2026-09-25 11:29:16,輝達公司債券Ｖ,US67066GAS30,A987,2033/06/15,USD,"96.90
                                            (2026/09/24)","94.57
                                            (2026/09/24)",半年,,2,,,連結,,https://wealth.esunbank.com/zh-tw/offshore-bond/price/chart?bondid=A987,https://wealth.esunbank.com/zh-tw/-/media/ESUNBANK/Files/Wealth/Bonds/bond_A987.pdf
2026-09-25 11:29:16,輝達公司債券ＶＩ,US67066GAR56,A988,2031/06/15,USD,"97.35
                                            (2026/09/24)","95.69
                                            (2026/09/24)",半年,,2,,,連結,,https://wealth.esunbank.com/zh-tw/offshore-bond/price/chart?bondid=A988,https://wealth.esunbank.com/zh-tw/-/media/ESUNBANK/Files/Wealth/Bonds/bond_A988.pdf
2026-09-25 11:29:16,ＭＥＴＡ平台公司債券ＸＩＶ,US30303MAH51,A989,2036/05/15,USD,"96.78
                                            (2026/09/24)","93.78
                                            (2026/09/24)",半年,,3,,,連結,,https://wealth.esunbank.com/zh-tw/offshore-bond/price/chart?bondid=A989,https://wealth.esunbank.com/zh-tw/-/media/ESUNBANK/Files/Wealth/Bonds/bond_A989.pdf
2026-09-25 11:29:16,ＭＥＴＡ平台公司債券ＸＶ,US30303MAF95,A990,2031/05/15,USD,"97.32
                                            (2026/09/24)","95.64
                                            (2026/09/24)",半年,,2,,,連結,,https://wealth.esunbank.com/zh-tw/offshore-bond/price/chart?bondid=A990,https://wealth.esunbank.com/zh-tw/-/media/ESUNBANK/Files/Wealth/Bonds/bond_A990.pdf
2026-09-25 11:29:16,摩根大通金融有限責任公司債券ＶＩ,XS1449255485,A991,2029/08/05,USD,"98.95
                                            (2026/09/24)","96.64
                                            (2026/09/24)",季,,3,,,連結,,https://wealth.esunbank.com/zh-tw/offshore-bond/price/chart?bondid=A991,https://wealth.esunbank.com/zh-tw/-/media/ESUNBANK/Files/Wealth/Bonds/bond_A991.pdf
2026-09-25 11:29:16,高盛金融公司國際有限公司債券ＸＶＩＩ,XS3415204364,A992,2031/08/05,USD,"97.82
                                            (2026/09/24)","94.51
                                            (2026/09/24)",季,,3,,,連結,,https://wealth.esunbank.com/zh-tw/offshore-bond/price/chart?bondid=A992,https://wealth.esunbank.com/zh-tw/-/media/ESUNBANK/Files/Wealth/Bonds/bond_A992.pdf
2026-09-25 11:29:16,新光人壽新加坡公司次順位債券Ｉ,XS3096123883,A993,2035/06/26,USD,-,"99.89
                                            (2026/09/24)",半年,,5,,限專業投資人/高資產顧客/專區顧客,連結,,https://wealth.esunbank.com/zh-tw/offshore-bond/price/chart?bondid=A993,https://wealth.esunbank.com/zh-tw/-/media/ESUNBANK/Files/Wealth/Bonds/bond_A993.pdf
2026-09-25 11:29:16,巴西政府國際公債Ｉ,US105756CE88,H001,2031/09/12,USD,"93.07
                                            (2026/09/24)","90.84
                                            (2026/09/24)",半年,,5,,限高資產顧客,連結,,https://wealth.esunbank.com/zh-tw/offshore-bond/price/chart?bondid=H001,https://wealth.esunbank.com/zh-tw/-/media/ESUNBANK/Files/Wealth/Bonds/bond_H001.pdf
2026-09-25 11:29:16,新加坡航空有限公司債券Ｉ,XS2405871570,H002,2029/01/19,USD,"97.61
                                            (2026/09/24)","95.36
                                            (2026/09/24)",半年,,5,,限高資產顧客,連結,,https://wealth.esunbank.com/zh-tw/offshore-bond/price/chart?bondid=H002,https://wealth.esunbank.com/zh-tw/-/media/ESUNBANK/Files/Wealth/Bonds/bond_H002.pdf
2026-09-25 11:29:16,杜拜政府國際公債Ｉ,XS0880597603,H003,2043/01/30,USD,"102.79
                                            (2026/03/06)","89.64
                                            (2026/09/24)",半年,,5,,限高資產顧客,連結,,https://wealth.esunbank.com/zh-tw/offshore-bond/price/chart?bondid=H003,https://wealth.esunbank.com/zh-tw/-/media/ESUNBANK/Files/Wealth/Bonds/bond_H003.pdf
2026-09-25 11:29:16,杜拜政府國際公債ＩＩ,XS2226973522,H004,2050/09/09,USD,"78.26
                                            (2026/03/06)","65.33
                                            (2026/09/24)",半年,,5,,限高資產顧客,連結,,https://wealth.esunbank.com/zh-tw/offshore-bond/price/chart?bondid=H004,https://wealth.esunbank.com/zh-tw/-/media/ESUNBANK/Files/Wealth/Bonds/bond_H004.pdf
