抓取日期,產品代碼,ISIN_CODE,計價幣別,申購參考報價,申購報價日,贖回參考報價,贖回報價日
2026-09-25,A043,US45905UAD63,ZAR,90.46,2025/10/09,94.17,2026/09/24
2026-09-25,A049,XS0078962809,ZAR,67.25,2024/04/26,88.35,2026/09/24
2026-09-25,A053,XS0076085603,ZAR,71.65,2024/04/26,94.18,2026/09/24
2026-09-25,A110,XS1071551474,USD,94.96,2024/04/26,102.57,2026/09/24
2026-09-25,A113,XS1081321595,USD,24.77,2024/12/27,15.81,2026/09/24
2026-09-25,A132,US172967JC62,USD,101.19,2026/09/14,99.76,2026/09/24
2026-09-25,A166,US404280AM17,USD,103.78,2026/09/24,99.83,2026/09/24
2026-09-25,A171,USF8586CRW49,USD,102.38,2023/12/13,99.46,2023/12/13
2026-09-25,A205,US00206RCP55,USD,92.13,2026/09/24,89.43,2026/09/24
2026-09-25,A235,USF2893TAM83,USD,101.92,2024/01/23,99.21,2024/01/23
2026-09-25,A244,US87927VAM00,USD,87.90,2024/04/26,98.85,2026/09/24
2026-09-25,A255,US00206RBH49,USD,81.47,2026/09/24,77.25,2026/09/24
2026-09-25,A291,XS1508675417,USD,99.67,2025/03/17,99.69,2026/09/24
2026-09-25,A292,XS1508675508,USD,81.55,2026/09/24,76.32,2026/09/24
2026-09-25,A301,USJ09748AD66,USD,98.39,2024/04/26,99.47,2026/06/03
2026-09-25,A315,DE000CZ40LW5,EUR,101.72,2026/09/24,99.88,2026/09/24
2026-09-25,A323,US037833CJ77,USD,100.26,2025/07/04,99.43,2026/09/24
2026-09-25,A324,US037833BW97,USD,96.81,2026/09/24,93.85,2026/09/24
2026-09-25,A325,US037833CH12,USD,83.23,2026/09/24,78.37,2026/09/24
2026-09-25,A327,USY7138AAD29,USD,97.80,2026/09/24,93.15,2026/09/24
2026-09-25,A328,US71568QAB32,USD,88.74,2026/09/24,83.85,2026/09/24
2026-09-25,A343,US91912EAA38,USD,97.52,2026/09/24,92.69,2026/09/24
2026-09-25,A347,XS0773669972,SEK,102.96,2026/09/24,100.27,2026/09/24
2026-09-25,A351,US382550BG56,USD,101.87,2026/07/23,99.29,2026/09/24
2026-09-25,A357,AU3CB0246239,AUD,100.27,2024/04/26,98.94,2026/09/24
2026-09-25,A359,XS0076593267,ZAR,93.31,2026/03/06,94.63,2026/09/24
2026-09-25,A361,XS1167524922,ZAR,102.87,2025/06/02,99.91,2026/09/24
2026-09-25,A363,US747525AV54,USD,81.53,2026/09/24,76.76,2026/09/24
2026-09-25,A364,US20030NBZ33,USD,71.47,2026/09/24,66.22,2026/09/24
2026-09-25,A365,US20030NBT72,USD,81.08,2026/09/24,77.80,2026/09/24
2026-09-25,A367,XS1684384867,USD,100.44,2026/09/24,98.79,2026/09/24
2026-09-25,A370,US025816BF52,USD,83.02,2026/09/24,78.91,2026/09/24
2026-09-25,A379,USQ2693DBV21,USD,80.74,2024/04/26,75.20,2026/09/24
2026-09-25,A382,XS1793255198,USD,101.27,2026/09/24,99.30,2026/09/24
2026-09-25,A385,AU3CB0250512,AUD,100.80,2026/03/06,97.85,2026/09/24
2026-09-25,A389,US404280BL25,USD,98.38,2024/04/26,99.58,2026/09/24
2026-09-25,A390,US71654QCG55,USD,95.67,2024/04/26,100.16,2026/09/24
2026-09-25,A391,US404280BK42,USD,97.45,2024/04/26,99.36,2026/09/24
2026-09-25,A392,USH4209UAC02,USD,100.10,2026/09/24,98.66,2026/09/24
2026-09-25,A393,US023135BJ40,USD,77.32,2026/09/24,72.49,2026/09/24
2026-09-25,A394,US023135BF28,USD,86.95,2026/09/24,83.76,2026/09/24
2026-09-25,A398,US50077LAT35,USD,100.49,2026/09/24,98.17,2026/09/24
2026-09-25,A400,US94974BGE48,USD,84.48,2026/09/24,79.63,2026/09/24
2026-09-25,A401,US20030NBQ34,USD,80.45,2026/09/24,75.15,2026/09/24
2026-09-25,A402,XS1550938978,USD,100.88,2024/04/26,99.44,2026/09/24
2026-09-25,A404,US71647NAY58,USD,102.71,2026/09/24,100.88,2026/09/24
2026-09-25,A408,US38141GWV21,USD,95.40,2024/04/26,97.28,2026/09/24
2026-09-25,A409,US61744YAK47,USD,96.16,2024/04/26,98.51,2026/09/24
2026-09-25,A410,US404280AQ21,USD,92.98,2026/09/24,88.35,2026/09/24
2026-09-25,A411,US92343VBE39,USD,88.37,2026/09/24,83.80,2026/09/24
2026-09-25,A419,US713448DP06,USD,74.29,2026/09/24,69.37,2026/09/24
2026-09-25,A420,XS1925409929,CNY,101.79,2025/02/21,102.00,2026/09/24
2026-09-25,A421,XS1925406586,ZAR,96.93,2025/02/21,98.06,2026/09/23
2026-09-25,A422,US913017CX53,USD,85.62,2026/09/24,80.72,2026/09/24
2026-09-25,A423,US04650NAB01,USD,94.38,2026/09/24,89.72,2026/09/24
2026-09-25,A424,US06051GGC78,USD,100.58,2026/09/23,98.87,2026/09/24
2026-09-25,A425,XS1891687300,USD,99.16,2026/09/24,97.04,2026/09/24
2026-09-25,A428,US960386AM29,USD,100.06,2026/09/24,98.55,2026/09/24
2026-09-25,A429,US345370CR99,USD,101.06,2026/06/08,99.53,2026/09/24
2026-09-25,A434,XS1807183543,ZAR,107.95,2025/04/24,98.13,2026/09/24
2026-09-25,A438,US00206RJK95,USD,84.05,2026/09/24,79.01,2026/09/24
2026-09-25,A442,US023135BC96,USD,99.70,2026/08/20,98.45,2026/09/24
2026-09-25,A443,USU09513HK86,USD,99.16,2026/09/24,97.60,2026/09/24
2026-09-25,A445,XS1906339855,ZAR,76.35,2025/02/21,84.85,2026/09/24
2026-09-25,A446,US50077LAB27,USD,80.79,2026/09/24,75.77,2026/09/24
2026-09-25,A447,US369604BF92,USD,96.29,2025/03/25,79.31,2026/09/24
2026-09-25,A448,US35671DCD57,USD,102.92,2025/07/15,98.79,2026/09/24
2026-09-25,A449,XS2027978902,CNY,86.69,2025/02/21,92.42,2026/09/24
2026-09-25,A450,XS2027978738,AUD,57.64,2025/02/21,58.64,2026/09/24
2026-09-25,A451,XS2027994933,ZAR,67.58,2025/02/21,77.74,2026/09/23
2026-09-25,A452,XS2027978654,USD,59.84,2025/02/21,61.36,2026/09/24
2026-09-25,A454,US42824CAX74,USD,104.40,2026/09/24,101.39,2026/09/24
2026-09-25,A455,US92857WBD11,USD,83.26,2026/09/24,79.00,2026/09/24
2026-09-25,A456,US00287YAM12,USD,86.95,2026/09/24,82.63,2026/09/24
2026-09-25,A457,US06738EAW57,USD,100.37,2026/09/24,98.97,2026/09/24
2026-09-25,A458,US06738EAV74,USD,87.94,2026/09/24,83.14,2026/09/24
2026-09-25,A459,XS1480699641,USD,101.16,2026/09/24,99.50,2026/09/24
2026-09-25,A460,XS1793294841,USD,96.38,2024/04/26,98.22,2026/09/24
2026-09-25,A462,US69370RAE71,USD,81.90,2026/09/24,76.81,2026/09/24
2026-09-25,A463,US37045VAH33,USD,94.75,2026/09/24,91.87,2026/09/24
2026-09-25,A464,US37045VAJ98,USD,88.21,2026/09/24,83.35,2026/09/24
2026-09-25,A465,XS1750113661,USD,100.77,2024/04/26,99.83,2026/09/24
2026-09-25,A467,XS2086685109,NZD,88.46,2025/02/21,89.70,2026/09/24
2026-09-25,A468,USY20721BE87,USD,87.55,2026/09/24,82.81,2026/09/24
2026-09-25,A469,US91087BAB62,USD,74.28,2026/09/24,69.10,2026/09/24
2026-09-25,A470,US345370CA64,USD,106.87,2026/09/24,104.41,2026/09/24
2026-09-25,A471,US345370CS72,USD,83.41,2026/09/24,78.56,2026/09/24
2026-09-25,A472,US428236BR31,USD,99.31,2026/09/24,95.03,2026/09/24
2026-09-25,A473,XS1888930150,USD,103.43,2024/04/26,100.49,2026/09/24
2026-09-25,A475,XS2044958234,ZAR,67.26,2026/09/23,62.41,2026/09/23
2026-09-25,A476,XS2072933778,USD,96.51,2026/09/17,93.40,2026/09/24
2026-09-25,A480,XS2129916867,USD,86.24,2025/02/21,88.26,2026/09/24
2026-09-25,A485,US594918BS26,USD,87.68,2026/09/24,84.51,2026/09/24
2026-09-25,A486,US594918BT09,USD,77.76,2026/09/24,72.80,2026/09/24
2026-09-25,A487,US931142EP44,USD,66.97,2026/09/24,61.96,2026/09/24
2026-09-25,A488,US031162CR97,USD,76.74,2026/09/24,73.15,2026/09/24
2026-09-25,A489,US375558BA09,USD,86.40,2026/09/24,81.83,2026/09/24
2026-09-25,A490,US09062XAD57,USD,92.15,2026/09/24,87.14,2026/09/24
2026-09-25,A491,XS2057866191,USD,74.37,2026/03/06,62.97,2026/09/24
2026-09-25,A492,US254687FL52,USD,94.97,2026/07/03,91.29,2026/09/24
2026-09-25,A493,US254687FM36,USD,62.92,2026/09/24,58.11,2026/09/24
2026-09-25,A494,XS2033252664,CNY,97.89,2025/02/21,94.76,2026/09/24
2026-09-25,A495,XS2109770151,USD,68.64,2026/09/24,63.35,2026/09/24
2026-09-25,A496,AU0000078644,AUD,95.37,2025/02/14,89.43,2026/09/24
2026-09-25,A498,US00206RJZ64,USD,75.61,2026/09/24,71.64,2026/09/24
2026-09-25,A499,US00206RKA94,USD,67.56,2026/09/24,62.67,2026/09/24
2026-09-25,A501,XS2188553858,ZAR,92.60,2025/02/21,95.17,2026/09/23
2026-09-25,A502,XS1697550512,ZAR,64.41,2026/09/24,61.88,2026/09/24
2026-09-25,A503,XS1238805102,ZAR,52.08,2026/09/24,48.94,2026/09/24
2026-09-25,A504,ZAG000106998,ZAR,97.84,2025/02/24,99.46,2026/09/23
2026-09-25,A505,US097023CU76,USD,102.79,2024/09/16,99.86,2026/09/24
2026-09-25,A506,US097023CY98,USD,102.68,2024/09/16,98.34,2026/09/24
2026-09-25,A507,US097023CV59,USD,102.26,2024/09/16,95.11,2026/09/24
2026-09-25,A508,XS1982113463,USD,93.48,2026/03/06,82.28,2026/09/24
2026-09-25,A509,XS1982116136,USD,87.03,2026/03/06,73.43,2026/09/24
2026-09-25,A512,US404280CK33,USD,89.73,2026/09/24,88.22,2026/09/24
2026-09-25,A513,US037833DZ01,USD,58.47,2026/09/24,53.63,2026/09/24
2026-09-25,A514,US037833EA41,USD,54.33,2026/09/24,49.28,2026/09/24
2026-09-25,A515,XS2163008829,CNY,106.28,2026/09/24,100.93,2026/09/24
2026-09-25,A517,US09062XAG88,USD,65.95,2026/09/24,60.96,2026/09/24
2026-09-25,A519,US37045VAL45,USD,104.28,2026/09/24,99.30,2026/09/24
2026-09-25,A520,US00206RKE17,USD,63.02,2026/09/24,58.06,2026/09/24
2026-09-25,A521,USJ57160DZ32,USD,98.55,2025/03/04,91.10,2026/09/24
2026-09-25,A522,US71654QDC33,USD,88.54,2024/04/26,100.93,2026/09/24
2026-09-25,A523,US71654QDE98,USD,80.74,2024/04/26,96.40,2026/09/24
2026-09-25,A524,US233835AQ08,USD,112.48,2026/09/24,110.28,2026/09/24
2026-09-25,A525,AU3CB0274280,AUD,99.20,2026/09/24,96.10,2026/09/24
2026-09-25,A527,US88579YBK64,USD,68.47,2026/09/24,63.53,2026/09/24
2026-09-25,A528,XS2262826618,CNY,97.10,2025/02/21,94.30,2026/09/24
2026-09-25,A530,XS2043730949,ZAR,81.68,2025/02/21,88.06,2026/09/23
2026-09-25,A531,XS2272728564,USD,63.43,2025/02/21,62.89,2026/09/24
2026-09-25,A532,US88032XAN49,USD,100.21,2026/09/04,96.95,2026/09/24
2026-09-25,A533,US88032XAV64,USD,68.73,2026/09/24,63.24,2026/09/24
2026-09-25,A534,US42824CAY57,USD,102.08,2026/09/24,97.08,2026/09/24
2026-09-25,A537,XS2175210090,ZAR,44.95,2026/09/24,41.75,2026/09/24
2026-09-25,A538,US35671DBJ37,USD,99.03,2026/09/24,96.58,2026/09/24
2026-09-25,A539,US594918BU71,USD,75.70,2026/09/24,70.18,2026/09/24
2026-09-25,A540,ZAG000125972,ZAR,91.84,2025/02/21,101.20,2026/09/23
2026-09-25,A541,US097023CN34,USD,92.03,2024/09/16,91.74,2026/09/24
2026-09-25,A543,US097023CQ64,USD,74.49,2024/09/16,67.64,2026/09/24
2026-09-25,A544,US097023CR48,USD,72.52,2024/09/16,65.35,2026/09/24
2026-09-25,A545,XS2086746927,ZAR,106.04,2025/02/21,137.72,2026/09/23
2026-09-25,A546,US404280CN71,USD,85.66,2024/04/26,91.30,2026/09/24
2026-09-25,A547,XS2305731403,CNY,94.10,2025/02/21,97.02,2026/09/24
2026-09-25,A548,US68389XBX21,USD,60.68,2026/09/24,55.82,2026/09/24
2026-09-25,A549,US68389XBY04,USD,59.16,2026/09/24,53.78,2026/09/24
2026-09-25,A550,US654106AE35,USD,79.02,2026/09/24,74.18,2026/09/24
2026-09-25,A551,AU3CB0278711,AUD,83.21,2024/04/26,86.82,2026/09/24
2026-09-25,A552,US713448EP96,USD,64.86,2026/09/24,60.01,2026/09/24
2026-09-25,A553,US87264ABN46,USD,65.05,2026/09/24,60.16,2026/09/24
2026-09-25,A554,US87264AAZ84,USD,79.59,2026/09/24,74.73,2026/09/24
2026-09-25,A555,US717081FA61,USD,62.24,2026/09/24,57.36,2026/09/24
2026-09-25,A556,US88579EAC93,USD,101.63,2026/09/24,98.29,2026/09/24
2026-09-25,A557,US92826CAE21,USD,93.05,2026/09/24,90.13,2026/09/24
2026-09-25,A558,US58933YAV74,USD,86.15,2026/09/24,82.60,2026/09/24
2026-09-25,A559,US742718DF34,USD,103.35,2026/09/24,100.23,2026/09/24
2026-09-25,A560,US742718FJ38,USD,84.08,2026/09/24,79.71,2026/09/24
2026-09-25,A561,US594918BZ68,USD,92.02,2026/09/24,88.96,2026/09/24
2026-09-25,A562,US24703TAE64,USD,100.99,2024/04/26,99.81,2026/09/24
2026-09-25,A563,US046353AZ13,USD,66.30,2026/09/24,61.44,2026/09/24
2026-09-25,A564,US345370CQ17,USD,79.20,2026/09/24,74.94,2026/09/24
2026-09-25,A565,US345370BR09,USD,104.91,2026/09/24,99.16,2026/09/24
2026-09-25,A566,XS2361253607,USD,93.60,2026/09/24,89.32,2026/09/24
2026-09-25,A567,USU54985AA15,USD,90.22,2024/12/27,92.74,2026/09/24
2026-09-25,A568,US00206RLV23,USD,63.53,2026/09/24,58.38,2026/09/24
2026-09-25,A569,US31428XCE40,USD,74.88,2025/01/09,68.59,2026/09/24
2026-09-25,A570,US606822BE37,USD,88.80,2026/09/24,84.92,2026/09/24
2026-09-25,A571,US459200KL41,USD,61.75,2026/09/24,56.81,2026/09/24
2026-09-25,A573,US29078EAA38,USD,29.11,2026/06/11,12.54,2026/09/24
2026-09-25,A574,XS2406737622,AUD,82.80,2025/02/21,74.35,2026/09/24
2026-09-25,A575,US86964WAK80,USD,89.14,2026/09/24,86.73,2026/09/24
2026-09-25,A577,XS2365562128,ZAR,78.67,2025/02/21,85.49,2026/09/23
2026-09-25,A578,XS2394881291,CNY,97.16,2025/02/21,100.83,2026/09/24
2026-09-25,A579,US40434LAJ44,USD,89.21,2026/09/24,86.63,2026/09/24
2026-09-25,A581,US71643VAB18,USD,84.10,2024/04/26,97.67,2026/09/24
2026-09-25,A582,XS2447755609,AUD,92.15,2023/06/07,74.30,2026/09/24
2026-09-25,A583,US438127AB80,USD,99.37,2025/12/26,98.71,2026/09/24
2026-09-25,A584,US404280AG49,USD,105.74,2026/09/24,102.90,2026/09/24
2026-09-25,A585,US91282CEF41,USD,99.69,2026/08/21,98.94,2026/09/24
2026-09-25,A586,US91282CDJ71,USD,84.55,2026/09/24,83.47,2026/09/24
2026-09-25,A587,US912810TD00,USD,58.87,2026/09/24,55.59,2026/09/24
2026-09-25,A588,XS2455417910,USD,97.61,2025/02/21,98.14,2026/09/24
2026-09-25,A589,US872898AF83,USD,101.07,2026/02/11,99.23,2026/09/24
2026-09-25,A590,US872898AG66,USD,100.08,2026/09/15,97.38,2026/09/24
2026-09-25,A591,US872898AH40,USD,96.71,2026/09/24,94.19,2026/09/24
2026-09-25,A592,US872898AJ06,USD,90.02,2026/09/24,84.83,2026/09/24
2026-09-25,A593,XS1649504096,MXN,101.09,2025/12/19,99.30,2026/09/24
2026-09-25,A594,XS2019705552,USD,83.16,2026/09/24,78.35,2026/09/24
2026-09-25,A599,USG91139AK43,USD,99.99,2024/04/26,99.27,2026/09/24
2026-09-25,A600,USG91139AL26,USD,98.48,2026/09/24,96.01,2026/09/24
2026-09-25,A602,US084670BK32,USD,88.71,2026/09/24,84.48,2026/09/24
2026-09-25,A603,US084664CQ25,USD,80.78,2026/09/24,76.01,2026/09/24
2026-09-25,A604,XS2080947265,CNY,102.93,2026/09/24,100.32,2026/09/24
2026-09-25,A605,USU9273ACK98,USD,99.63,2026/09/24,98.03,2026/09/24
2026-09-25,A606,US892331AN94,USD,90.05,2026/09/24,87.68,2026/09/24
2026-09-25,A607,US606822BR40,USD,92.69,2026/09/24,90.62,2026/09/24
2026-09-25,A608,US86562MCN83,USD,95.77,2026/09/24,93.37,2026/09/24
2026-09-25,A609,US30303M8G02,USD,100.80,2026/01/13,98.78,2026/09/24
2026-09-25,A610,US30303M8H84,USD,92.74,2026/09/24,90.34,2026/09/24
2026-09-25,A611,US30303M8J41,USD,74.82,2026/09/24,70.05,2026/09/24
2026-09-25,A612,US30303M8K14,USD,73.24,2026/09/24,68.31,2026/09/24
2026-09-25,A615,US91282CFV81,USD,96.22,2026/09/24,95.07,2026/09/24
2026-09-25,A617,XS2476733428,ZAR,104.17,2026/09/24,101.22,2026/09/24
2026-09-25,A618,US478160BJ28,USD,96.76,2026/09/24,94.86,2026/09/24
2026-09-25,A619,US478160CS18,USD,58.34,2026/09/24,53.43,2026/09/24
2026-09-25,A620,US70450YAK91,USD,101.36,2026/01/12,99.08,2026/09/24
2026-09-25,A621,US70450YAL74,USD,96.16,2026/09/24,93.36,2026/09/24
2026-09-25,A622,US70450YAM57,USD,87.59,2026/09/24,81.89,2026/09/24
2026-09-25,A623,US70450YAN31,USD,88.89,2026/09/24,83.40,2026/09/24
2026-09-25,A625,XS2568986751,USD,98.93,2026/09/24,95.33,2026/09/24
2026-09-25,A626,XS2564922370,USD,94.52,2026/09/24,90.42,2026/09/24
2026-09-25,A627,XS2569034155,USD,97.73,2023/07/17,86.26,2026/09/24
2026-09-25,A629,US892331AD13,USD,100.31,2026/07/20,97.49,2026/09/24
2026-09-25,A630,US892331AG44,USD,95.47,2026/09/24,93.45,2026/09/24
2026-09-25,A632,US92343VGT52,USD,98.52,2026/09/24,96.22,2026/09/24
2026-09-25,A633,US92343VCV45,USD,89.73,2026/09/24,86.88,2026/09/24
2026-09-25,A634,US92343VCK89,USD,86.02,2026/09/24,81.19,2026/09/24
2026-09-25,A635,US92343VFD10,USD,75.65,2026/09/24,70.74,2026/09/24
2026-09-25,A636,US254687FR23,USD,91.70,2026/09/24,87.59,2026/09/24
2026-09-25,A637,US254687FS06,USD,87.06,2026/09/24,82.21,2026/09/24
2026-09-25,A638,US88579YBD22,USD,77.75,2026/09/24,72.82,2026/09/24
2026-09-25,A639,US716973AE24,USD,97.22,2026/09/24,94.99,2026/09/24
2026-09-25,A640,US716973AG71,USD,92.47,2026/09/24,87.59,2026/09/24
2026-09-25,A641,US037833ET32,USD,101.16,2026/05/21,98.43,2026/09/24
2026-09-25,A642,US037833EU05,USD,99.00,2026/09/24,96.77,2026/09/24
2026-09-25,A643,US037833EV87,USD,97.47,2026/09/24,95.21,2026/09/24
2026-09-25,A644,US037833EW60,USD,90.64,2026/09/24,85.88,2026/09/24
2026-09-25,A646,US025816CX59,USD,97.49,2026/09/24,94.97,2026/09/24
2026-09-25,A647,US025816DF35,USD,98.64,2026/09/24,95.73,2026/09/24
2026-09-25,A648,US29736RAS94,USD,101.20,2026/05/22,98.58,2026/09/24
2026-09-25,A649,US29736RAT77,USD,96.69,2026/09/24,93.84,2026/09/24
2026-09-25,A650,US29736RAU41,USD,90.55,2026/09/24,84.93,2026/09/24
2026-09-25,A651,US67066GAG91,USD,80.99,2026/09/24,76.71,2026/09/24
2026-09-25,A652,US67066GAH74,USD,70.83,2026/09/24,65.74,2026/09/24
2026-09-25,A654,US025816DB21,USD,101.76,2026/09/24,100.78,2026/09/24
2026-09-25,A655,US458140CA64,USD,93.94,2026/09/24,91.63,2026/09/24
2026-09-25,A656,US912810QN19,USD,96.58,2026/09/24,94.13,2026/09/24
2026-09-25,A658,US892331AQ26,USD,102.62,2026/08/03,99.75,2026/09/24
2026-09-25,A659,US892331AR09,USD,100.30,2026/09/24,97.66,2026/09/24
2026-09-25,A661,XS2577136109,USD,84.84,2026/09/24,79.54,2026/09/24
2026-09-25,A662,XS2577135127,USD,97.66,2026/09/24,94.96,2026/09/24
2026-09-25,A664,US20030NEC11,USD,95.34,2026/09/24,93.00,2026/09/24
2026-09-25,A665,US912810FJ26,USD,104.12,2026/09/24,102.77,2026/09/24
2026-09-25,A666,XS2522406839,AUD,101.88,2025/07/16,83.75,2026/09/24
2026-09-25,A667,US478160CF96,USD,87.76,2026/09/24,84.81,2026/09/24
2026-09-25,A668,US478160CM48,USD,74.92,2026/09/24,70.02,2026/09/24
2026-09-25,A669,US594918AM64,USD,100.45,2026/09/24,96.10,2026/09/24
2026-09-25,A670,US594918CA09,USD,84.01,2026/09/24,78.87,2026/09/24
2026-09-25,A671,US912810PU60,USD,101.26,2026/09/24,99.34,2026/09/24
2026-09-25,A672,US912810PX00,USD,96.52,2026/09/24,94.48,2026/09/24
2026-09-25,A673,US912810QE10,USD,95.98,2026/09/24,93.80,2026/09/24
2026-09-25,A674,US912810TM09,USD,87.07,2026/09/24,84.68,2026/09/24
2026-09-25,A675,US912810TU25,USD,90.64,2026/09/24,88.20,2026/09/24
2026-09-25,A676,US912810SF66,USD,70.61,2026/09/24,67.70,2026/09/24
2026-09-25,A677,US912810SN90,USD,47.02,2026/09/24,43.90,2026/09/24
2026-09-25,A678,US912810TN81,USD,77.50,2026/09/24,74.13,2026/09/24
2026-09-25,A681,XS2522359905,USD,96.65,2026/09/24,93.65,2026/09/24
2026-09-25,A682,US458140CF51,USD,100.59,2026/09/24,98.56,2026/09/24
2026-09-25,A683,US458140CG35,USD,98.77,2026/09/24,96.51,2026/09/24
2026-09-25,A684,US458140CH18,USD,94.11,2026/09/24,90.79,2026/09/24
2026-09-25,A685,XS2522266134,USD,88.36,2026/09/24,82.16,2026/09/24
2026-09-25,A686,US037833CX61,USD,99.95,2025/11/13,98.70,2026/09/24
2026-09-25,A687,US037833DB33,USD,99.86,2025/09/11,98.16,2026/09/24
2026-09-25,A688,US037833EH93,USD,95.72,2026/07/02,93.70,2026/09/24
2026-09-25,A689,US037833DP29,USD,95.66,2026/07/21,92.24,2026/09/24
2026-09-25,A690,US037833EJ59,USD,87.09,2026/09/24,84.89,2026/09/24
2026-09-25,A691,US037833EE62,USD,70.39,2026/09/24,66.50,2026/09/24
2026-09-25,A692,US037833BH21,USD,85.94,2026/09/24,81.09,2026/09/24
2026-09-25,A693,US037833BX70,USD,89.01,2026/09/24,84.15,2026/09/24
2026-09-25,A694,US037833DQ02,USD,65.68,2026/09/24,60.85,2026/09/24
2026-09-25,A695,US037833EG11,USD,57.36,2026/09/24,52.21,2026/09/24
2026-09-25,A696,US478160AN49,USD,107.11,2026/09/24,103.70,2026/09/24
2026-09-25,A697,US478160AV64,USD,92.65,2026/09/24,88.44,2026/09/24
2026-09-25,A698,US91282CGJ45,USD,96.16,2026/09/24,95.34,2026/09/24
2026-09-25,A699,US91282CFF32,USD,89.47,2026/09/24,88.32,2026/09/24
2026-09-25,A700,US912810TC27,USD,67.21,2026/09/24,65.07,2026/09/24
2026-09-25,A701,US912810SE91,USD,75.60,2026/09/24,72.70,2026/09/24
2026-09-25,A702,US912810TL26,USD,82.68,2026/09/24,79.47,2026/09/24
2026-09-25,A703,US912810TR95,USD,77.52,2026/09/24,74.06,2026/09/24
2026-09-25,A704,US912810TT51,USD,84.50,2026/09/24,81.06,2026/09/24
2026-09-25,A705,US594918BC73,USD,90.48,2026/09/24,87.58,2026/09/24
2026-09-25,A706,US594918CD48,USD,55.48,2026/09/24,50.28,2026/09/24
2026-09-25,A707,US91324PEQ19,USD,101.65,2026/09/24,99.48,2026/09/24
2026-09-25,A708,US91324PCQ37,USD,94.69,2026/09/24,91.77,2026/09/24
2026-09-25,A709,US91324PBK75,USD,110.43,2026/09/24,107.02,2026/09/24
2026-09-25,A710,US91324PDT66,USD,80.79,2026/09/24,77.17,2026/09/24
2026-09-25,A711,US91324PBU57,USD,88.71,2026/09/24,84.25,2026/09/24
2026-09-25,A712,US91324PCD24,USD,84.41,2026/09/24,79.98,2026/09/24
2026-09-25,A713,US91324PCR10,USD,87.93,2026/09/24,83.03,2026/09/24
2026-09-25,A714,US91324PDU30,USD,72.93,2026/09/24,68.09,2026/09/24
2026-09-25,A715,US91324PEK49,USD,84.83,2026/09/24,80.01,2026/09/24
2026-09-25,A716,US91324PES74,USD,98.70,2026/09/24,93.60,2026/09/24
2026-09-25,A717,US91324PEW86,USD,88.33,2026/09/24,83.39,2026/09/24
2026-09-25,A718,XS2711530076,AUD,92.46,2026/09/24,86.26,2026/09/24
2026-09-25,A719,XS2711531553,CNY,104.72,2025/08/04,98.93,2026/09/24
2026-09-25,A720,US92343VGW81,USD,92.07,2026/09/24,86.77,2026/09/24
2026-09-25,A721,XS2688994644,USD,104.64,2025/08/26,96.90,2026/09/24
2026-09-25,A722,XS2641755348,ZAR,110.75,2026/09/24,105.62,2026/09/24
2026-09-25,A724,US91282CJF95,USD,100.56,2026/09/24,99.80,2026/09/24
2026-09-25,A725,XS2548892020,USD,101.26,2026/09/24,98.75,2026/09/24
2026-09-25,A726,US025816CW76,USD,98.69,2026/09/24,97.12,2026/09/24
2026-09-25,A727,XS2688646368,USD,101.50,2026/09/24,98.59,2026/09/24
2026-09-25,A729,USU09513JV24,USD,102.39,2025/11/21,99.82,2026/09/24
2026-09-25,A730,USU09513JW07,USD,100.20,2026/09/24,98.44,2026/09/24
2026-09-25,A731,USU09513JX89,USD,98.51,2026/09/15,94.64,2026/09/24
2026-09-25,A732,USU5876JAS43,USD,96.42,2026/09/24,94.00,2026/09/24
2026-09-25,A733,USU9273AED38,USD,97.89,2026/09/24,95.43,2026/09/24
2026-09-25,A734,US89236TMF92,USD,100.85,2026/09/24,99.28,2026/09/24
2026-09-25,A736,XS2806380056,USD,96.83,2025/03/07,94.49,2026/09/24
2026-09-25,A737,US532457CK20,USD,100.16,2026/09/24,98.60,2026/09/24
2026-09-25,A738,US532457CF35,USD,98.20,2026/09/24,95.94,2026/09/24
2026-09-25,A739,US532457CL03,USD,97.15,2026/09/24,94.84,2026/09/24
2026-09-25,A740,US717081EW90,USD,93.21,2026/09/24,91.20,2026/09/24
2026-09-25,A741,US717081FB45,USD,86.39,2026/09/24,84.22,2026/09/24
2026-09-25,A742,US002824BG43,USD,95.35,2026/09/24,92.44,2026/09/24
2026-09-25,A743,US002819AC45,USD,106.55,2026/09/24,103.19,2026/09/24
2026-09-25,A744,US002824AV29,USD,105.27,2026/09/24,101.23,2026/09/24
2026-09-25,A745,US002824AY67,USD,98.71,2026/09/24,94.61,2026/09/24
2026-09-25,A746,US002824BN93,USD,91.00,2026/09/24,86.38,2026/09/24
2026-09-25,A747,XS2852920342,USD,102.26,2026/09/24,99.29,2026/09/24
2026-09-25,A748,XS2820408594,USD,106.92,2025/09/12,92.16,2026/09/24
2026-09-25,A749,US747525BS17,USD,101.41,2026/09/24,99.10,2026/09/24
2026-09-25,A750,AU3TB0000135,AUD,102.21,2025/12/08,99.76,2026/09/24
2026-09-25,A751,AU000XCLWAG2,AUD,98.00,2026/09/24,95.90,2026/09/24
2026-09-25,A752,AU3TB0000200,AUD,95.44,2026/09/24,93.36,2026/09/24
2026-09-25,A753,US298785KE52,USD,98.95,2026/09/24,96.77,2026/09/24
2026-09-25,A754,USJ6355LAD31,USD,99.85,2026/09/24,96.52,2026/09/24
2026-09-25,A755,XS2820406622,JPY,74.07,2026/09/24,70.06,2026/09/24
2026-09-25,A756,US904764BS55,USD,101.31,2026/09/17,99.43,2026/09/24
2026-09-25,A757,US904764AH00,USD,104.10,2026/09/24,101.70,2026/09/24
2026-09-25,A758,US904764BT39,USD,99.26,2026/09/24,96.89,2026/09/24
2026-09-25,A759,US904764BV84,USD,96.35,2026/09/24,93.94,2026/09/24
2026-09-25,A760,US713448FX12,USD,99.66,2026/09/24,98.14,2026/09/24
2026-09-25,A761,US713448FY94,USD,97.99,2026/09/24,95.51,2026/09/24
2026-09-25,A762,US713448FZ69,USD,95.15,2026/09/24,90.11,2026/09/24
2026-09-25,A763,US191216DR86,USD,100.03,2026/09/24,97.74,2026/09/24
2026-09-25,A764,US191216DY38,USD,97.98,2026/09/24,95.65,2026/09/24
2026-09-25,A765,US191216CT51,USD,96.64,2026/09/24,94.45,2026/09/24
2026-09-25,A766,US191216DS69,USD,95.00,2026/09/24,90.02,2026/09/24
2026-09-25,A767,US931142FD05,USD,95.40,2026/09/24,93.13,2026/09/24
2026-09-25,A768,US931142CB75,USD,100.60,2026/09/24,97.70,2026/09/24
2026-09-25,A769,US931142EC31,USD,81.50,2026/09/24,76.68,2026/09/24
2026-09-25,A770,US931142EZ26,USD,85.54,2026/09/24,80.60,2026/09/24
2026-09-25,A771,US65163LAD10,USD,,,94.67,2026/09/24
2026-09-25,A772,XS2476732966,USD,63.59,2026/09/24,59.58,2026/09/24
2026-09-25,A773,XS2476732701,USD,41.10,2026/08/14,34.90,2026/09/24
2026-09-25,A774,XS2888260564,USD,94.99,2026/09/24,92.01,2026/09/24
2026-09-25,A775,XS2688653224,USD,90.96,2026/09/24,86.86,2026/09/24
2026-09-25,A776,XS2688650550,USD,90.63,2026/09/24,85.23,2026/09/24
2026-09-25,A777,XS2919183793,USD,87.72,2026/09/24,83.71,2026/09/24
2026-09-25,A778,XS2814748393,USD,94.25,2026/09/24,89.45,2026/09/24
2026-09-25,A779,XS2814739137,USD,91.69,2026/09/24,85.29,2026/09/24
2026-09-25,A780,XS2814740903,CNY,103.32,2026/08/25,99.69,2026/09/24
2026-09-25,A781,XS2814745886,AUD,95.46,2026/09/24,91.36,2026/09/24
2026-09-25,A782,XS2747599509,USD,94.09,2026/09/24,88.74,2026/09/24
2026-09-25,A783,US742718GL74,USD,98.05,2026/09/24,94.85,2026/09/24
2026-09-25,A784,US742718GK91,USD,99.27,2026/09/24,97.47,2026/09/24
2026-09-25,A785,US742718GA10,USD,96.14,2026/09/24,93.80,2026/09/24
2026-09-25,A786,XS2522918221,ZAR,99.62,2026/03/25,98.10,2026/09/23
2026-09-25,A787,US883556DA77,USD,100.99,2026/09/24,99.45,2026/09/24
2026-09-25,A788,US883556CX89,USD,99.74,2026/09/24,96.97,2026/09/24
2026-09-25,A789,US883556DB50,USD,100.10,2026/09/24,97.17,2026/09/24
2026-09-25,A790,US883556CM25,USD,72.22,2026/09/24,68.12,2026/09/24
2026-09-25,A791,US883556CY62,USD,97.05,2026/09/24,92.44,2026/09/24
2026-09-25,A792,US717081EC37,USD,89.93,2026/09/24,86.91,2026/09/24
2026-09-25,A793,US717081EJ89,USD,88.55,2026/09/24,84.98,2026/09/24
2026-09-25,A794,US717081DK61,USD,86.17,2026/09/24,81.49,2026/09/24
2026-09-25,A795,US00287YDS54,USD,100.29,2026/09/24,98.75,2026/09/24
2026-09-25,A796,US00287YDT38,USD,99.97,2026/09/24,97.78,2026/09/24
2026-09-25,A797,US00287YDU01,USD,98.48,2026/09/24,96.11,2026/09/24
2026-09-25,A798,US00287YAR09,USD,94.22,2026/09/24,91.45,2026/09/24
2026-09-25,A799,US00287YCA55,USD,86.01,2026/09/24,82.40,2026/09/24
2026-09-25,A800,US30303M8M79,USD,100.13,2026/09/24,97.93,2026/09/24
2026-09-25,A801,US30303M8T23,USD,97.83,2026/09/24,95.52,2026/09/24
2026-09-25,A802,US30303M8N52,USD,97.52,2026/09/24,95.22,2026/09/24
2026-09-25,A803,US30303M8U95,USD,95.76,2026/09/24,92.67,2026/09/24
2026-09-25,A804,XS1449564605,USD,93.35,2026/09/24,88.75,2026/09/24
2026-09-25,A805,XS2958267200,USD,85.51,2026/09/24,81.41,2026/09/24
2026-09-25,A806,XS2814369455,USD,87.46,2026/09/24,82.15,2026/09/24
2026-09-25,A807,XS2879624281,USD,97.34,2026/09/24,92.94,2026/09/24
2026-09-25,A808,US65339KDG22,USD,100.86,2026/09/16,99.47,2026/09/24
2026-09-25,A809,US65339KCN81,USD,100.45,2026/09/24,98.43,2026/09/24
2026-09-25,A810,US65339KDK34,USD,100.15,2026/09/24,97.86,2026/09/24
2026-09-25,A811,US65339KCJ79,USD,98.54,2026/09/24,96.28,2026/09/24
2026-09-25,A812,US65339KCP30,USD,98.22,2026/09/24,96.00,2026/09/24
2026-09-25,A813,US65339KCU25,USD,99.04,2026/09/24,96.30,2026/09/24
2026-09-25,A814,US65339KDL17,USD,99.17,2026/09/24,96.42,2026/09/24
2026-09-25,A815,XS2822506759,USD,103.33,2026/03/06,97.88,2026/09/24
2026-09-25,A816,XS2822506833,USD,106.27,2026/03/06,95.93,2026/09/24
2026-09-25,A817,XS0468535637,USD,118.37,2026/03/06,104.27,2026/09/24
2026-09-25,A818,XS0615236188,USD,111.86,2026/03/06,97.50,2026/09/24
2026-09-25,A819,XS2684502623,USD,106.65,2026/03/06,96.57,2026/09/24
2026-09-25,A820,XS2850662631,USD,105.84,2026/03/06,96.13,2026/09/24
2026-09-25,A821,XS2397083820,USD,79.51,2026/03/06,69.16,2026/09/24
2026-09-25,A822,USU74079AN15,USD,101.63,2026/09/24,99.79,2026/09/24
2026-09-25,A823,USU74079AQ46,USD,100.37,2026/09/24,97.79,2026/09/24
2026-09-25,A824,US64110LAZ94,USD,97.98,2026/09/24,95.10,2026/09/24
2026-09-25,A826,US36164QNA21,USD,93.70,2026/09/24,90.88,2026/09/24
2026-09-25,A827,US23331ABS78,USD,96.85,2026/09/24,93.96,2026/09/24
2026-09-25,A828,US842587DT18,USD,101.65,2026/09/24,98.84,2026/09/24
2026-09-25,A829,US36962GXZ26,USD,108.02,2026/09/24,105.59,2026/09/24
2026-09-25,A830,US36962G3P70,USD,103.48,2026/09/24,100.23,2026/09/24
2026-09-25,A831,US478160DJ00,USD,100.21,2026/09/24,98.56,2026/09/24
2026-09-25,A832,US478160DL55,USD,100.10,2026/09/24,97.33,2026/09/24
2026-09-25,A833,US594918AD65,USD,100.67,2026/09/24,96.61,2026/09/24
2026-09-25,A834,XS2938582330,AUD,91.12,2026/09/24,85.72,2026/09/24
2026-09-25,A835,XS2820409055,CNY,103.97,2026/09/24,101.37,2026/09/24
2026-09-25,A836,XS2688665582,AUD,99.30,2026/09/24,96.20,2026/09/24
2026-09-25,A837,XS1791939066,USD,102.53,2026/03/06,96.49,2026/09/24
2026-09-25,A838,US084659AV35,USD,96.06,2026/09/24,93.94,2026/09/24
2026-09-25,A839,US59562VAM90,USD,104.21,2026/09/24,101.08,2026/09/24
2026-09-25,A840,US59562VAP22,USD,103.42,2026/09/24,99.63,2026/09/24
2026-09-25,A843,XS2814585407,CNY,105.24,2026/09/24,100.63,2026/09/24
2026-09-25,A844,XS2814579855,AUD,105.37,2025/09/16,88.88,2026/09/24
2026-09-25,A845,XS2482458671,USD,100.28,2026/03/23,95.60,2026/09/24
2026-09-25,A846,USU75000CK09,USD,100.10,2026/09/24,97.69,2026/09/24
2026-09-25,A847,USU75000CQ78,USD,96.56,2026/09/24,93.54,2026/09/24
2026-09-25,A848,USU75000CP95,USD,98.65,2026/09/24,96.99,2026/09/24
2026-09-25,A849,US26442UAU88,USD,97.56,2026/09/24,94.76,2026/09/24
2026-09-25,A850,US26442UAH77,USD,97.25,2026/09/24,95.64,2026/09/24
2026-09-25,A851,US57636QBC78,USD,95.56,2026/09/24,92.70,2026/09/24
2026-09-25,A852,US57636QBB95,USD,96.93,2026/09/24,94.66,2026/09/24
2026-09-25,A853,US57636QAZ72,USD,98.41,2026/09/24,95.54,2026/09/24
2026-09-25,A854,US57636QAW42,USD,100.90,2026/09/24,99.70,2026/09/24
2026-09-25,A855,XS1449536900,ZAR,107.46,2026/09/24,102.45,2026/09/24
2026-09-25,A856,US00287YAV11,USD,92.16,2026/09/24,89.14,2026/09/24
2026-09-25,A857,USU6408XAM12,USD,98.67,2026/09/24,95.63,2026/09/24
2026-09-25,A858,USU6408XAK55,USD,100.34,2026/09/24,98.33,2026/09/24
2026-09-25,A859,XS2814195447,USD,105.37,2025/09/12,88.81,2026/09/24
2026-09-25,A860,XS2647979181,EUR,97.78,2026/09/24,95.77,2026/09/24
2026-09-25,A861,XS0528414377,GBP,96.83,2026/09/24,92.95,2026/09/24
2026-09-25,A862,FR001400KJO0,EUR,98.07,2026/09/24,95.88,2026/09/24
2026-09-25,A863,FR001400QJ21,EUR,100.27,2026/09/24,98.25,2026/09/24
2026-09-25,A864,FR001400TSK0,EUR,96.73,2026/09/24,94.65,2026/09/24
2026-09-25,A865,XS2641758870,AUD,100.20,2026/09/24,96.79,2026/09/24
2026-09-25,A866,XS2820407356,AUD,106.54,2025/09/16,89.00,2026/09/24
2026-09-25,A867,XS3030091329,EUR,97.49,2026/09/24,95.25,2026/09/24
2026-09-25,A868,XS2185868051,EUR,81.82,2026/09/24,77.91,2026/09/24
2026-09-25,A869,XS2185867913,EUR,94.00,2026/09/24,91.93,2026/09/24
2026-09-25,A870,AU3SG0003163,AUD,96.36,2026/09/24,92.78,2026/09/24
2026-09-25,A871,AU3SG0002710,AUD,93.43,2026/09/24,90.39,2026/09/24
2026-09-25,A872,XS2909746401,EUR,94.17,2026/09/24,91.04,2026/09/24
2026-09-25,A873,XS2481694433,EUR,89.63,2026/09/24,83.52,2026/09/24
2026-09-25,A874,US02079KAL17,USD,94.89,2026/09/24,92.02,2026/09/24
2026-09-25,A875,US02079KAK34,USD,97.75,2026/09/24,95.51,2026/09/24
2026-09-25,A876,US95040QAD60,USD,100.13,2026/09/11,98.49,2026/09/24
2026-09-25,A877,US95040QAM69,USD,90.75,2026/09/24,88.56,2026/09/24
2026-09-25,A878,US92277GAN79,USD,99.14,2026/09/24,97.60,2026/09/24
2026-09-25,A879,US92277GBA40,USD,96.42,2026/09/24,93.58,2026/09/24
2026-09-25,A880,US90353TAP57,USD,95.74,2026/09/24,92.94,2026/09/24
2026-09-25,A881,US46647PEC68,USD,99.49,2026/09/24,96.73,2026/09/24
2026-09-25,A882,US606822DH40,USD,99.89,2026/09/24,97.10,2026/09/24
2026-09-25,A883,US46124HAF38,USD,101.15,2026/09/24,99.72,2026/09/24
2026-09-25,A884,US46124HAG11,USD,98.23,2026/09/24,95.91,2026/09/24
2026-09-25,A885,US00724PAG46,USD,98.09,2026/09/24,95.15,2026/09/24
2026-09-25,A886,US00724PAK57,USD,99.56,2026/09/24,96.47,2026/09/24
2026-09-25,A891,US60687YDJ55,USD,99.04,2026/09/24,95.70,2026/09/24
2026-09-25,A892,US45866FAW41,USD,96.37,2026/09/24,94.10,2026/09/24
2026-09-25,A893,US45866FAV67,USD,98.84,2026/09/24,97.30,2026/09/24
2026-09-25,A894,XS3088702512,USD,98.13,2026/09/24,94.13,2026/09/24
2026-09-25,A895,XS2990482411,GBP,88.26,2026/09/24,82.70,2026/09/24
2026-09-25,A896,XS2711530829,USD,94.65,2026/09/24,90.05,2026/09/24
2026-09-25,A897,US404280EN53,USD,,,98.70,2026/09/24
2026-09-25,A898,US60687YDH99,USD,,,97.91,2026/09/24
2026-09-25,A899,USJ7771YSY43,USD,,,96.83,2026/09/24
2026-09-25,A900,US06051GLH01,USD,,,96.79,2026/09/24
2026-09-25,A901,USH3698DCW23,USD,,,95.21,2026/09/24
2026-09-25,A902,US46647PDC77,USD,,,94.20,2026/09/24
2026-09-25,A903,XS3088245355,JPY,74.06,2026/09/24,69.30,2026/09/24
2026-09-25,A904,XS2125308168,USD,98.90,2026/03/06,91.88,2026/09/24
2026-09-25,A905,XS2492384818,USD,101.36,2026/03/06,93.29,2026/09/24
2026-09-25,A906,XS2155352664,USD,100.70,2026/03/06,94.59,2026/09/24
2026-09-25,A907,XS3060187799,AUD,95.65,2026/09/24,91.55,2026/09/24
2026-09-25,A908,XS3100013179,AUD,93.54,2026/09/24,88.54,2026/09/24
2026-09-25,A909,US49456BBB62,USD,100.95,2026/09/24,98.91,2026/09/24
2026-09-25,A910,US49456BAG68,USD,98.67,2026/09/24,95.84,2026/09/24
2026-09-25,A911,XS2589790018,EUR,92.59,2026/09/24,88.12,2026/09/24
2026-09-25,A912,XS2769892865,EUR,94.74,2026/09/24,91.93,2026/09/24
2026-09-25,A913,USN82008AF50,USD,86.86,2026/09/24,81.46,2026/09/24
2026-09-25,A914,US06051GMD87,USD,,,95.74,2026/09/24
2026-09-25,A915,XS1449469367,AUD,93.27,2026/09/24,89.26,2026/09/24
2026-09-25,A916,US449276AG99,USD,,,82.51,2026/09/24
2026-09-25,A920,USH42097FF95,USD,,,97.26,2026/09/24
2026-09-25,A921,XS3088731537,USD,93.78,2026/09/24,89.28,2026/09/24
2026-09-25,A922,US86562MEA45,USD,,,94.68,2026/09/24
2026-09-25,A923,US59022CAJ27,USD,,,99.18,2026/09/24
2026-09-25,A924,XS3034004351,USD,90.25,2026/09/24,85.74,2026/09/24
2026-09-25,A925,US459200HF10,USD,78.59,2026/09/24,75.62,2026/09/24
2026-09-25,A926,US459200KU40,USD,95.48,2026/09/24,93.08,2026/09/24
2026-09-25,A927,US532457BT48,USD,76.66,2026/09/24,73.81,2026/09/24
2026-09-25,A928,US532457DE50,USD,97.48,2026/09/24,94.65,2026/09/24
2026-09-25,A929,US023135AQ91,USD,88.94,2026/09/24,86.10,2026/09/24
2026-09-25,A931,US06051GEN51,USD,,,97.52,2026/09/24
2026-09-25,A932,US06051GMB22,USD,104.65,2025/10/01,95.40,2026/09/24
2026-09-25,A933,XS3117673999,AUD,92.03,2026/09/24,88.03,2026/09/24
2026-09-25,A934,US872898AD36,USD,78.15,2026/09/24,73.90,2026/09/24
2026-09-25,A935,XS1449431474,ZAR,32.21,2026/09/24,29.00,2026/09/24
2026-09-25,A936,XS2885079702,USD,98.48,2026/09/24,94.81,2026/09/24
2026-09-25,A937,XS3088248292,ZAR,94.54,2026/09/24,88.54,2026/09/24
2026-09-25,A938,XS3046322593,USD,96.69,2026/09/24,92.84,2026/09/24
2026-09-25,A939,XS3151416727,USD,96.91,2026/09/24,93.95,2026/09/24
2026-09-25,A940,US278062AH73,USD,94.81,2026/09/24,92.63,2026/09/24
2026-09-25,A941,US278062AE43,USD,84.80,2026/09/24,80.80,2026/09/24
2026-09-25,A942,XS3012958636,USD,91.85,2026/04/30,76.80,2026/09/24
2026-09-25,A943,MX0MGO0000J5,MXN,100.24,2026/01/30,92.02,2026/08/31
2026-09-25,A944,US036752BJ10,USD,96.31,2026/09/24,93.97,2026/09/24
2026-09-25,A945,US036752BK82,USD,95.92,2026/09/24,93.13,2026/09/24
2026-09-25,A946,US125523CY43,USD,97.83,2026/09/24,95.54,2026/09/24
2026-09-25,A947,US125523CZ18,USD,97.82,2026/09/24,94.95,2026/09/24
2026-09-25,A948,US125523AJ93,USD,92.70,2026/09/24,89.28,2026/09/24
2026-09-25,A949,US007903BF39,USD,94.14,2026/09/24,91.71,2026/09/24
2026-09-25,A950,US210385AD21,USD,104.37,2026/09/24,101.41,2026/09/24
2026-09-25,A951,US30161MAG87,USD,103.61,2026/09/24,99.59,2026/09/24
2026-09-25,A952,US30161MAN39,USD,97.62,2026/09/24,93.22,2026/09/24
2026-09-25,A953,US06051GJA85,USD,,,73.70,2026/09/24
2026-09-25,A954,XS3151526400,USD,85.72,2026/09/24,80.22,2026/09/24
2026-09-25,A955,US02079KAY38,USD,94.82,2026/09/24,91.99,2026/09/24
2026-09-25,A956,US02079KAZ03,USD,94.13,2026/09/24,89.18,2026/09/24
2026-09-25,A957,HK0001173357,CNY,103.05,2026/09/24,99.42,2026/09/24
2026-09-25,A958,US023135CV68,USD,94.16,2026/09/24,91.32,2026/09/24
2026-09-25,A959,US023135CT13,USD,96.57,2026/09/24,94.89,2026/09/24
2026-09-25,A960,US092914AC40,USD,101.20,2026/03/04,92.01,2026/09/24
2026-09-25,A961,US092914AB66,USD,101.20,2026/03/04,95.26,2026/09/24
2026-09-25,A962,XS1449445771,USD,46.95,2026/09/24,41.35,2026/09/24
2026-09-25,A963,AU0000300535,AUD,,,85.58,2026/09/24
2026-09-25,A964,US06051GGM50,USD,96.21,2025/12/23,86.07,2026/09/24
2026-09-25,A965,US61744YAR99,USD,96.89,2025/12/23,86.08,2026/09/24
2026-09-25,A968,US92343VHC19,USD,,,93.90,2026/09/24
2026-09-25,A969,US084664BU46,USD,87.95,2026/09/24,83.68,2026/09/24
2026-09-25,A970,US12189LAS07,USD,91.58,2026/09/24,87.04,2026/09/24
2026-09-25,A971,XS3216486657,USD,87.33,2026/09/24,82.23,2026/09/24
2026-09-25,A972,US92826CBA99,USD,96.65,2026/09/24,94.31,2026/09/24
2026-09-25,A973,US369604CA96,USD,97.14,2026/09/24,94.34,2026/09/24
2026-09-25,A974,XS3284470294,USD,94.29,2026/09/24,89.98,2026/09/24
2026-09-25,A975,US46647PDH64,USD,102.16,2026/06/16,99.48,2026/06/16
2026-09-25,A976,US06051GMA49,USD,104.76,2026/06/16,101.56,2026/06/16
2026-09-25,A977,US404280DH94,USD,103.46,2026/06/16,100.81,2026/06/16
2026-09-25,A978,USH42097DT18,USD,106.29,2026/06/16,103.62,2026/06/16
2026-09-25,A979,US30303MAD48,USD,94.47,2026/09/24,91.28,2026/09/24
2026-09-25,A980,US023135DF00,USD,95.38,2026/09/24,92.35,2026/09/24
2026-09-25,A981,US02079KBM80,USD,95.44,2026/09/24,92.32,2026/09/24
2026-09-25,A982,US404280EX36,USD,,,97.71,2026/09/24
2026-09-25,A983,USH42097EU71,USD,,,97.88,2026/09/24
2026-09-25,A984,US606822DL51,USD,,,97.04,2026/09/24
2026-09-25,A985,US61748UAF93,USD,,,96.59,2026/09/24
2026-09-25,A986,US67066GAT13,USD,95.78,2026/09/24,92.87,2026/09/24
2026-09-25,A987,US67066GAS30,USD,96.90,2026/09/24,94.57,2026/09/24
2026-09-25,A988,US67066GAR56,USD,97.35,2026/09/24,95.69,2026/09/24
2026-09-25,A989,US30303MAH51,USD,96.78,2026/09/24,93.78,2026/09/24
2026-09-25,A990,US30303MAF95,USD,97.32,2026/09/24,95.64,2026/09/24
2026-09-25,A991,XS1449255485,USD,98.95,2026/09/24,96.64,2026/09/24
2026-09-25,A992,XS3415204364,USD,97.82,2026/09/24,94.51,2026/09/24
2026-09-25,A993,XS3096123883,USD,,,99.89,2026/09/24
2026-09-25,H001,US105756CE88,USD,93.07,2026/09/24,90.84,2026/09/24
2026-09-25,H002,XS2405871570,USD,97.61,2026/09/24,95.36,2026/09/24
2026-09-25,H003,XS0880597603,USD,102.79,2026/03/06,89.64,2026/09/24
2026-09-25,H004,XS2226973522,USD,78.26,2026/03/06,65.33,2026/09/24
2026-09-28,A043,US45905UAD63,ZAR,90.46,2025/10/09,94.17,2026/09/24
2026-09-28,A049,XS0078962809,ZAR,67.25,2024/04/26,88.35,2026/09/24
2026-09-28,A053,XS0076085603,ZAR,71.65,2024/04/26,94.18,2026/09/24
2026-09-28,A110,XS1071551474,USD,94.96,2024/04/26,102.57,2026/09/24
2026-09-28,A113,XS1081321595,USD,24.77,2024/12/27,15.81,2026/09/24
2026-09-28,A132,US172967JC62,USD,101.19,2026/09/14,99.76,2026/09/24
2026-09-28,A166,US404280AM17,USD,103.78,2026/09/24,99.83,2026/09/24
2026-09-28,A171,USF8586CRW49,USD,102.38,2023/12/13,99.46,2023/12/13
2026-09-28,A205,US00206RCP55,USD,92.13,2026/09/24,89.43,2026/09/24
2026-09-28,A235,USF2893TAM83,USD,101.92,2024/01/23,99.21,2024/01/23
2026-09-28,A244,US87927VAM00,USD,87.90,2024/04/26,98.85,2026/09/24
2026-09-28,A255,US00206RBH49,USD,81.47,2026/09/24,77.25,2026/09/24
2026-09-28,A291,XS1508675417,USD,99.67,2025/03/17,99.69,2026/09/24
2026-09-28,A292,XS1508675508,USD,81.55,2026/09/24,76.32,2026/09/24
2026-09-28,A301,USJ09748AD66,USD,98.39,2024/04/26,99.47,2026/06/03
2026-09-28,A315,DE000CZ40LW5,EUR,101.72,2026/09/24,99.88,2026/09/24
2026-09-28,A323,US037833CJ77,USD,100.26,2025/07/04,99.43,2026/09/24
2026-09-28,A324,US037833BW97,USD,96.81,2026/09/24,93.85,2026/09/24
2026-09-28,A325,US037833CH12,USD,83.23,2026/09/24,78.37,2026/09/24
2026-09-28,A327,USY7138AAD29,USD,97.80,2026/09/24,93.15,2026/09/24
2026-09-28,A328,US71568QAB32,USD,88.74,2026/09/24,83.85,2026/09/24
2026-09-28,A343,US91912EAA38,USD,97.52,2026/09/24,92.69,2026/09/24
2026-09-28,A347,XS0773669972,SEK,102.96,2026/09/24,100.27,2026/09/24
2026-09-28,A351,US382550BG56,USD,101.87,2026/07/23,99.29,2026/09/24
2026-09-28,A357,AU3CB0246239,AUD,100.27,2024/04/26,98.94,2026/09/24
2026-09-28,A359,XS0076593267,ZAR,93.31,2026/03/06,94.63,2026/09/24
2026-09-28,A361,XS1167524922,ZAR,102.87,2025/06/02,99.91,2026/09/24
2026-09-28,A363,US747525AV54,USD,81.53,2026/09/24,76.76,2026/09/24
2026-09-28,A364,US20030NBZ33,USD,71.47,2026/09/24,66.22,2026/09/24
2026-09-28,A365,US20030NBT72,USD,81.08,2026/09/24,77.80,2026/09/24
2026-09-28,A367,XS1684384867,USD,100.44,2026/09/24,98.79,2026/09/24
2026-09-28,A370,US025816BF52,USD,83.02,2026/09/24,78.91,2026/09/24
2026-09-28,A379,USQ2693DBV21,USD,80.74,2024/04/26,75.20,2026/09/24
2026-09-28,A382,XS1793255198,USD,101.27,2026/09/24,99.30,2026/09/24
2026-09-28,A385,AU3CB0250512,AUD,100.80,2026/03/06,97.85,2026/09/24
2026-09-28,A389,US404280BL25,USD,98.38,2024/04/26,99.58,2026/09/24
2026-09-28,A390,US71654QCG55,USD,95.67,2024/04/26,100.16,2026/09/24
2026-09-28,A391,US404280BK42,USD,97.45,2024/04/26,99.36,2026/09/24
2026-09-28,A392,USH4209UAC02,USD,100.10,2026/09/24,98.66,2026/09/24
2026-09-28,A393,US023135BJ40,USD,77.32,2026/09/24,72.49,2026/09/24
2026-09-28,A394,US023135BF28,USD,86.95,2026/09/24,83.76,2026/09/24
2026-09-28,A398,US50077LAT35,USD,100.49,2026/09/24,98.17,2026/09/24
2026-09-28,A400,US94974BGE48,USD,84.48,2026/09/24,79.63,2026/09/24
2026-09-28,A401,US20030NBQ34,USD,80.45,2026/09/24,75.15,2026/09/24
2026-09-28,A402,XS1550938978,USD,100.88,2024/04/26,99.44,2026/09/24
2026-09-28,A404,US71647NAY58,USD,102.71,2026/09/24,100.88,2026/09/24
2026-09-28,A408,US38141GWV21,USD,95.40,2024/04/26,97.28,2026/09/24
2026-09-28,A409,US61744YAK47,USD,96.16,2024/04/26,98.51,2026/09/24
2026-09-28,A410,US404280AQ21,USD,92.98,2026/09/24,88.35,2026/09/24
2026-09-28,A411,US92343VBE39,USD,88.37,2026/09/24,83.80,2026/09/24
2026-09-28,A419,US713448DP06,USD,74.29,2026/09/24,69.37,2026/09/24
2026-09-28,A420,XS1925409929,CNY,101.79,2025/02/21,102.00,2026/09/24
2026-09-28,A421,XS1925406586,ZAR,96.93,2025/02/21,98.06,2026/09/23
2026-09-28,A422,US913017CX53,USD,85.62,2026/09/24,80.72,2026/09/24
2026-09-28,A423,US04650NAB01,USD,94.38,2026/09/24,89.72,2026/09/24
2026-09-28,A424,US06051GGC78,USD,100.58,2026/09/23,98.87,2026/09/24
2026-09-28,A425,XS1891687300,USD,99.16,2026/09/24,97.04,2026/09/24
2026-09-28,A428,US960386AM29,USD,100.06,2026/09/24,98.55,2026/09/24
2026-09-28,A429,US345370CR99,USD,101.06,2026/06/08,99.53,2026/09/24
2026-09-28,A434,XS1807183543,ZAR,107.95,2025/04/24,98.13,2026/09/24
2026-09-28,A438,US00206RJK95,USD,84.05,2026/09/24,79.01,2026/09/24
2026-09-28,A442,US023135BC96,USD,99.70,2026/08/20,98.45,2026/09/24
2026-09-28,A443,USU09513HK86,USD,99.16,2026/09/24,97.60,2026/09/24
2026-09-28,A445,XS1906339855,ZAR,76.35,2025/02/21,84.85,2026/09/24
2026-09-28,A446,US50077LAB27,USD,80.79,2026/09/24,75.77,2026/09/24
2026-09-28,A447,US369604BF92,USD,96.29,2025/03/25,79.31,2026/09/24
2026-09-28,A448,US35671DCD57,USD,102.92,2025/07/15,98.79,2026/09/24
2026-09-28,A449,XS2027978902,CNY,86.69,2025/02/21,92.42,2026/09/24
2026-09-28,A450,XS2027978738,AUD,57.64,2025/02/21,58.64,2026/09/24
2026-09-28,A451,XS2027994933,ZAR,67.58,2025/02/21,77.74,2026/09/23
2026-09-28,A452,XS2027978654,USD,59.84,2025/02/21,61.36,2026/09/24
2026-09-28,A454,US42824CAX74,USD,104.40,2026/09/24,101.39,2026/09/24
2026-09-28,A455,US92857WBD11,USD,83.26,2026/09/24,79.00,2026/09/24
2026-09-28,A456,US00287YAM12,USD,86.95,2026/09/24,82.63,2026/09/24
2026-09-28,A457,US06738EAW57,USD,100.37,2026/09/24,98.97,2026/09/24
2026-09-28,A458,US06738EAV74,USD,87.94,2026/09/24,83.14,2026/09/24
2026-09-28,A459,XS1480699641,USD,101.16,2026/09/24,99.50,2026/09/24
2026-09-28,A460,XS1793294841,USD,96.38,2024/04/26,98.22,2026/09/24
2026-09-28,A462,US69370RAE71,USD,81.90,2026/09/24,76.81,2026/09/24
2026-09-28,A463,US37045VAH33,USD,94.75,2026/09/24,91.87,2026/09/24
2026-09-28,A464,US37045VAJ98,USD,88.21,2026/09/24,83.35,2026/09/24
2026-09-28,A465,XS1750113661,USD,100.77,2024/04/26,99.83,2026/09/24
2026-09-28,A467,XS2086685109,NZD,88.46,2025/02/21,89.70,2026/09/24
2026-09-28,A468,USY20721BE87,USD,87.55,2026/09/24,82.81,2026/09/24
2026-09-28,A469,US91087BAB62,USD,74.28,2026/09/24,69.10,2026/09/24
2026-09-28,A470,US345370CA64,USD,106.87,2026/09/24,104.41,2026/09/24
2026-09-28,A471,US345370CS72,USD,83.41,2026/09/24,78.56,2026/09/24
2026-09-28,A472,US428236BR31,USD,99.31,2026/09/24,95.03,2026/09/24
2026-09-28,A473,XS1888930150,USD,103.43,2024/04/26,100.49,2026/09/24
2026-09-28,A475,XS2044958234,ZAR,67.26,2026/09/23,62.41,2026/09/23
2026-09-28,A476,XS2072933778,USD,96.51,2026/09/17,93.40,2026/09/24
2026-09-28,A480,XS2129916867,USD,86.24,2025/02/21,88.26,2026/09/24
2026-09-28,A485,US594918BS26,USD,87.68,2026/09/24,84.51,2026/09/24
2026-09-28,A486,US594918BT09,USD,77.76,2026/09/24,72.80,2026/09/24
2026-09-28,A487,US931142EP44,USD,66.97,2026/09/24,61.96,2026/09/24
2026-09-28,A488,US031162CR97,USD,76.74,2026/09/24,73.15,2026/09/24
2026-09-28,A489,US375558BA09,USD,86.40,2026/09/24,81.83,2026/09/24
2026-09-28,A490,US09062XAD57,USD,92.15,2026/09/24,87.14,2026/09/24
2026-09-28,A491,XS2057866191,USD,74.37,2026/03/06,62.97,2026/09/24
2026-09-28,A492,US254687FL52,USD,94.97,2026/07/03,91.29,2026/09/24
2026-09-28,A493,US254687FM36,USD,62.92,2026/09/24,58.11,2026/09/24
2026-09-28,A494,XS2033252664,CNY,97.89,2025/02/21,94.76,2026/09/24
2026-09-28,A495,XS2109770151,USD,68.64,2026/09/24,63.35,2026/09/24
2026-09-28,A496,AU0000078644,AUD,95.37,2025/02/14,89.43,2026/09/24
2026-09-28,A498,US00206RJZ64,USD,75.61,2026/09/24,71.64,2026/09/24
2026-09-28,A499,US00206RKA94,USD,67.56,2026/09/24,62.67,2026/09/24
2026-09-28,A501,XS2188553858,ZAR,92.60,2025/02/21,95.17,2026/09/23
2026-09-28,A502,XS1697550512,ZAR,64.41,2026/09/24,61.88,2026/09/24
2026-09-28,A503,XS1238805102,ZAR,52.08,2026/09/24,48.94,2026/09/24
2026-09-28,A504,ZAG000106998,ZAR,97.84,2025/02/24,99.46,2026/09/23
2026-09-28,A505,US097023CU76,USD,102.79,2024/09/16,99.86,2026/09/24
2026-09-28,A506,US097023CY98,USD,102.68,2024/09/16,98.34,2026/09/24
2026-09-28,A507,US097023CV59,USD,102.26,2024/09/16,95.11,2026/09/24
2026-09-28,A508,XS1982113463,USD,93.48,2026/03/06,82.28,2026/09/24
2026-09-28,A509,XS1982116136,USD,87.03,2026/03/06,73.43,2026/09/24
2026-09-28,A512,US404280CK33,USD,89.73,2026/09/24,88.22,2026/09/24
2026-09-28,A513,US037833DZ01,USD,58.47,2026/09/24,53.63,2026/09/24
2026-09-28,A514,US037833EA41,USD,54.33,2026/09/24,49.28,2026/09/24
2026-09-28,A515,XS2163008829,CNY,106.28,2026/09/24,100.93,2026/09/24
2026-09-28,A517,US09062XAG88,USD,65.95,2026/09/24,60.96,2026/09/24
2026-09-28,A519,US37045VAL45,USD,104.28,2026/09/24,99.30,2026/09/24
2026-09-28,A520,US00206RKE17,USD,63.02,2026/09/24,58.06,2026/09/24
2026-09-28,A521,USJ57160DZ32,USD,98.55,2025/03/04,91.10,2026/09/24
2026-09-28,A522,US71654QDC33,USD,88.54,2024/04/26,100.93,2026/09/24
2026-09-28,A523,US71654QDE98,USD,80.74,2024/04/26,96.40,2026/09/24
2026-09-28,A524,US233835AQ08,USD,112.48,2026/09/24,110.28,2026/09/24
2026-09-28,A525,AU3CB0274280,AUD,99.20,2026/09/24,96.10,2026/09/24
2026-09-28,A527,US88579YBK64,USD,68.47,2026/09/24,63.53,2026/09/24
2026-09-28,A528,XS2262826618,CNY,97.10,2025/02/21,94.30,2026/09/24
2026-09-28,A530,XS2043730949,ZAR,81.68,2025/02/21,88.06,2026/09/23
2026-09-28,A531,XS2272728564,USD,63.43,2025/02/21,62.89,2026/09/24
2026-09-28,A532,US88032XAN49,USD,100.21,2026/09/04,96.95,2026/09/24
2026-09-28,A533,US88032XAV64,USD,68.73,2026/09/24,63.24,2026/09/24
2026-09-28,A534,US42824CAY57,USD,102.08,2026/09/24,97.08,2026/09/24
2026-09-28,A537,XS2175210090,ZAR,44.95,2026/09/24,41.75,2026/09/24
2026-09-28,A538,US35671DBJ37,USD,99.03,2026/09/24,96.58,2026/09/24
2026-09-28,A539,US594918BU71,USD,75.70,2026/09/24,70.18,2026/09/24
2026-09-28,A540,ZAG000125972,ZAR,91.84,2025/02/21,101.20,2026/09/23
2026-09-28,A541,US097023CN34,USD,92.03,2024/09/16,91.74,2026/09/24
2026-09-28,A543,US097023CQ64,USD,74.49,2024/09/16,67.64,2026/09/24
2026-09-28,A544,US097023CR48,USD,72.52,2024/09/16,65.35,2026/09/24
2026-09-28,A545,XS2086746927,ZAR,106.04,2025/02/21,137.72,2026/09/23
2026-09-28,A546,US404280CN71,USD,85.66,2024/04/26,91.30,2026/09/24
2026-09-28,A547,XS2305731403,CNY,94.10,2025/02/21,97.02,2026/09/24
2026-09-28,A548,US68389XBX21,USD,60.68,2026/09/24,55.82,2026/09/24
2026-09-28,A549,US68389XBY04,USD,59.16,2026/09/24,53.78,2026/09/24
2026-09-28,A550,US654106AE35,USD,79.02,2026/09/24,74.18,2026/09/24
2026-09-28,A551,AU3CB0278711,AUD,83.21,2024/04/26,86.82,2026/09/24
2026-09-28,A552,US713448EP96,USD,64.86,2026/09/24,60.01,2026/09/24
2026-09-28,A553,US87264ABN46,USD,65.05,2026/09/24,60.16,2026/09/24
2026-09-28,A554,US87264AAZ84,USD,79.59,2026/09/24,74.73,2026/09/24
2026-09-28,A555,US717081FA61,USD,62.24,2026/09/24,57.36,2026/09/24
2026-09-28,A556,US88579EAC93,USD,101.63,2026/09/24,98.29,2026/09/24
2026-09-28,A557,US92826CAE21,USD,93.05,2026/09/24,90.13,2026/09/24
2026-09-28,A558,US58933YAV74,USD,86.15,2026/09/24,82.60,2026/09/24
2026-09-28,A559,US742718DF34,USD,103.35,2026/09/24,100.23,2026/09/24
2026-09-28,A560,US742718FJ38,USD,84.08,2026/09/24,79.71,2026/09/24
2026-09-28,A561,US594918BZ68,USD,92.02,2026/09/24,88.96,2026/09/24
2026-09-28,A562,US24703TAE64,USD,100.99,2024/04/26,99.81,2026/09/24
2026-09-28,A563,US046353AZ13,USD,66.30,2026/09/24,61.44,2026/09/24
2026-09-28,A564,US345370CQ17,USD,79.20,2026/09/24,74.94,2026/09/24
2026-09-28,A565,US345370BR09,USD,104.91,2026/09/24,99.16,2026/09/24
2026-09-28,A566,XS2361253607,USD,93.60,2026/09/24,89.32,2026/09/24
2026-09-28,A567,USU54985AA15,USD,90.22,2024/12/27,92.74,2026/09/24
2026-09-28,A568,US00206RLV23,USD,63.53,2026/09/24,58.38,2026/09/24
2026-09-28,A569,US31428XCE40,USD,74.88,2025/01/09,68.59,2026/09/24
2026-09-28,A570,US606822BE37,USD,88.80,2026/09/24,84.92,2026/09/24
2026-09-28,A571,US459200KL41,USD,61.75,2026/09/24,56.81,2026/09/24
2026-09-28,A573,US29078EAA38,USD,29.11,2026/06/11,12.54,2026/09/24
2026-09-28,A574,XS2406737622,AUD,82.80,2025/02/21,74.35,2026/09/24
2026-09-28,A575,US86964WAK80,USD,89.14,2026/09/24,86.73,2026/09/24
2026-09-28,A577,XS2365562128,ZAR,78.67,2025/02/21,85.49,2026/09/23
2026-09-28,A578,XS2394881291,CNY,97.16,2025/02/21,100.83,2026/09/24
2026-09-28,A579,US40434LAJ44,USD,89.21,2026/09/24,86.63,2026/09/24
2026-09-28,A581,US71643VAB18,USD,84.10,2024/04/26,97.67,2026/09/24
2026-09-28,A582,XS2447755609,AUD,92.15,2023/06/07,74.30,2026/09/24
2026-09-28,A583,US438127AB80,USD,99.37,2025/12/26,98.71,2026/09/24
2026-09-28,A584,US404280AG49,USD,105.74,2026/09/24,102.90,2026/09/24
2026-09-28,A585,US91282CEF41,USD,99.69,2026/08/21,98.94,2026/09/24
2026-09-28,A586,US91282CDJ71,USD,84.55,2026/09/24,83.47,2026/09/24
2026-09-28,A587,US912810TD00,USD,58.87,2026/09/24,55.59,2026/09/24
2026-09-28,A588,XS2455417910,USD,97.61,2025/02/21,98.14,2026/09/24
2026-09-28,A589,US872898AF83,USD,101.07,2026/02/11,99.23,2026/09/24
2026-09-28,A590,US872898AG66,USD,100.08,2026/09/15,97.38,2026/09/24
2026-09-28,A591,US872898AH40,USD,96.71,2026/09/24,94.19,2026/09/24
2026-09-28,A592,US872898AJ06,USD,90.02,2026/09/24,84.83,2026/09/24
2026-09-28,A593,XS1649504096,MXN,101.09,2025/12/19,99.30,2026/09/24
2026-09-28,A594,XS2019705552,USD,83.16,2026/09/24,78.35,2026/09/24
2026-09-28,A599,USG91139AK43,USD,99.99,2024/04/26,99.27,2026/09/24
2026-09-28,A600,USG91139AL26,USD,98.48,2026/09/24,96.01,2026/09/24
2026-09-28,A602,US084670BK32,USD,88.71,2026/09/24,84.48,2026/09/24
2026-09-28,A603,US084664CQ25,USD,80.78,2026/09/24,76.01,2026/09/24
2026-09-28,A604,XS2080947265,CNY,102.93,2026/09/24,100.32,2026/09/24
2026-09-28,A605,USU9273ACK98,USD,99.63,2026/09/24,98.03,2026/09/24
2026-09-28,A606,US892331AN94,USD,90.05,2026/09/24,87.68,2026/09/24
2026-09-28,A607,US606822BR40,USD,92.69,2026/09/24,90.62,2026/09/24
2026-09-28,A608,US86562MCN83,USD,95.77,2026/09/24,93.37,2026/09/24
2026-09-28,A609,US30303M8G02,USD,100.80,2026/01/13,98.78,2026/09/24
2026-09-28,A610,US30303M8H84,USD,92.74,2026/09/24,90.34,2026/09/24
2026-09-28,A611,US30303M8J41,USD,74.82,2026/09/24,70.05,2026/09/24
2026-09-28,A612,US30303M8K14,USD,73.24,2026/09/24,68.31,2026/09/24
2026-09-28,A615,US91282CFV81,USD,96.22,2026/09/24,95.07,2026/09/24
2026-09-28,A617,XS2476733428,ZAR,104.17,2026/09/24,101.22,2026/09/24
2026-09-28,A618,US478160BJ28,USD,96.76,2026/09/24,94.86,2026/09/24
2026-09-28,A619,US478160CS18,USD,58.34,2026/09/24,53.43,2026/09/24
2026-09-28,A620,US70450YAK91,USD,101.36,2026/01/12,99.08,2026/09/24
2026-09-28,A621,US70450YAL74,USD,96.16,2026/09/24,93.36,2026/09/24
2026-09-28,A622,US70450YAM57,USD,87.59,2026/09/24,81.89,2026/09/24
2026-09-28,A623,US70450YAN31,USD,88.89,2026/09/24,83.40,2026/09/24
2026-09-28,A625,XS2568986751,USD,98.93,2026/09/24,95.33,2026/09/24
2026-09-28,A626,XS2564922370,USD,94.52,2026/09/24,90.42,2026/09/24
2026-09-28,A627,XS2569034155,USD,97.73,2023/07/17,86.26,2026/09/24
2026-09-28,A629,US892331AD13,USD,100.31,2026/07/20,97.49,2026/09/24
2026-09-28,A630,US892331AG44,USD,95.47,2026/09/24,93.45,2026/09/24
2026-09-28,A632,US92343VGT52,USD,98.52,2026/09/24,96.22,2026/09/24
2026-09-28,A633,US92343VCV45,USD,89.73,2026/09/24,86.88,2026/09/24
2026-09-28,A634,US92343VCK89,USD,86.02,2026/09/24,81.19,2026/09/24
2026-09-28,A635,US92343VFD10,USD,75.65,2026/09/24,70.74,2026/09/24
2026-09-28,A636,US254687FR23,USD,91.70,2026/09/24,87.59,2026/09/24
2026-09-28,A637,US254687FS06,USD,87.06,2026/09/24,82.21,2026/09/24
2026-09-28,A638,US88579YBD22,USD,77.75,2026/09/24,72.82,2026/09/24
2026-09-28,A639,US716973AE24,USD,97.22,2026/09/24,94.99,2026/09/24
2026-09-28,A640,US716973AG71,USD,92.47,2026/09/24,87.59,2026/09/24
2026-09-28,A641,US037833ET32,USD,101.16,2026/05/21,98.43,2026/09/24
2026-09-28,A642,US037833EU05,USD,99.00,2026/09/24,96.77,2026/09/24
2026-09-28,A643,US037833EV87,USD,97.47,2026/09/24,95.21,2026/09/24
2026-09-28,A644,US037833EW60,USD,90.64,2026/09/24,85.88,2026/09/24
2026-09-28,A646,US025816CX59,USD,97.49,2026/09/24,94.97,2026/09/24
2026-09-28,A647,US025816DF35,USD,98.64,2026/09/24,95.73,2026/09/24
2026-09-28,A648,US29736RAS94,USD,101.20,2026/05/22,98.58,2026/09/24
2026-09-28,A649,US29736RAT77,USD,96.69,2026/09/24,93.84,2026/09/24
2026-09-28,A650,US29736RAU41,USD,90.55,2026/09/24,84.93,2026/09/24
2026-09-28,A651,US67066GAG91,USD,80.99,2026/09/24,76.71,2026/09/24
2026-09-28,A652,US67066GAH74,USD,70.83,2026/09/24,65.74,2026/09/24
2026-09-28,A654,US025816DB21,USD,101.76,2026/09/24,100.78,2026/09/24
2026-09-28,A655,US458140CA64,USD,93.94,2026/09/24,91.63,2026/09/24
2026-09-28,A656,US912810QN19,USD,96.58,2026/09/24,94.13,2026/09/24
2026-09-28,A658,US892331AQ26,USD,102.62,2026/08/03,99.75,2026/09/24
2026-09-28,A659,US892331AR09,USD,100.30,2026/09/24,97.66,2026/09/24
2026-09-28,A661,XS2577136109,USD,84.84,2026/09/24,79.54,2026/09/24
2026-09-28,A662,XS2577135127,USD,97.66,2026/09/24,94.96,2026/09/24
2026-09-28,A664,US20030NEC11,USD,95.34,2026/09/24,93.00,2026/09/24
2026-09-28,A665,US912810FJ26,USD,104.12,2026/09/24,102.77,2026/09/24
2026-09-28,A666,XS2522406839,AUD,101.88,2025/07/16,83.75,2026/09/24
2026-09-28,A667,US478160CF96,USD,87.76,2026/09/24,84.81,2026/09/24
2026-09-28,A668,US478160CM48,USD,74.92,2026/09/24,70.02,2026/09/24
2026-09-28,A669,US594918AM64,USD,100.45,2026/09/24,96.10,2026/09/24
2026-09-28,A670,US594918CA09,USD,84.01,2026/09/24,78.87,2026/09/24
2026-09-28,A671,US912810PU60,USD,101.26,2026/09/24,99.34,2026/09/24
2026-09-28,A672,US912810PX00,USD,96.52,2026/09/24,94.48,2026/09/24
2026-09-28,A673,US912810QE10,USD,95.98,2026/09/24,93.80,2026/09/24
2026-09-28,A674,US912810TM09,USD,87.07,2026/09/24,84.68,2026/09/24
2026-09-28,A675,US912810TU25,USD,90.64,2026/09/24,88.20,2026/09/24
2026-09-28,A676,US912810SF66,USD,70.61,2026/09/24,67.70,2026/09/24
2026-09-28,A677,US912810SN90,USD,47.02,2026/09/24,43.90,2026/09/24
2026-09-28,A678,US912810TN81,USD,77.50,2026/09/24,74.13,2026/09/24
2026-09-28,A681,XS2522359905,USD,96.65,2026/09/24,93.65,2026/09/24
2026-09-28,A682,US458140CF51,USD,100.59,2026/09/24,98.56,2026/09/24
2026-09-28,A683,US458140CG35,USD,98.77,2026/09/24,96.51,2026/09/24
2026-09-28,A684,US458140CH18,USD,94.11,2026/09/24,90.79,2026/09/24
2026-09-28,A685,XS2522266134,USD,88.36,2026/09/24,82.16,2026/09/24
2026-09-28,A686,US037833CX61,USD,99.95,2025/11/13,98.70,2026/09/24
2026-09-28,A687,US037833DB33,USD,99.86,2025/09/11,98.16,2026/09/24
2026-09-28,A688,US037833EH93,USD,95.72,2026/07/02,93.70,2026/09/24
2026-09-28,A689,US037833DP29,USD,95.66,2026/07/21,92.24,2026/09/24
2026-09-28,A690,US037833EJ59,USD,87.09,2026/09/24,84.89,2026/09/24
2026-09-28,A691,US037833EE62,USD,70.39,2026/09/24,66.50,2026/09/24
2026-09-28,A692,US037833BH21,USD,85.94,2026/09/24,81.09,2026/09/24
2026-09-28,A693,US037833BX70,USD,89.01,2026/09/24,84.15,2026/09/24
2026-09-28,A694,US037833DQ02,USD,65.68,2026/09/24,60.85,2026/09/24
2026-09-28,A695,US037833EG11,USD,57.36,2026/09/24,52.21,2026/09/24
2026-09-28,A696,US478160AN49,USD,107.11,2026/09/24,103.70,2026/09/24
2026-09-28,A697,US478160AV64,USD,92.65,2026/09/24,88.44,2026/09/24
2026-09-28,A698,US91282CGJ45,USD,96.16,2026/09/24,95.34,2026/09/24
2026-09-28,A699,US91282CFF32,USD,89.47,2026/09/24,88.32,2026/09/24
2026-09-28,A700,US912810TC27,USD,67.21,2026/09/24,65.07,2026/09/24
2026-09-28,A701,US912810SE91,USD,75.60,2026/09/24,72.70,2026/09/24
2026-09-28,A702,US912810TL26,USD,82.68,2026/09/24,79.47,2026/09/24
2026-09-28,A703,US912810TR95,USD,77.52,2026/09/24,74.06,2026/09/24
2026-09-28,A704,US912810TT51,USD,84.50,2026/09/24,81.06,2026/09/24
2026-09-28,A705,US594918BC73,USD,90.48,2026/09/24,87.58,2026/09/24
2026-09-28,A706,US594918CD48,USD,55.48,2026/09/24,50.28,2026/09/24
2026-09-28,A707,US91324PEQ19,USD,101.65,2026/09/24,99.48,2026/09/24
2026-09-28,A708,US91324PCQ37,USD,94.69,2026/09/24,91.77,2026/09/24
2026-09-28,A709,US91324PBK75,USD,110.43,2026/09/24,107.02,2026/09/24
2026-09-28,A710,US91324PDT66,USD,80.79,2026/09/24,77.17,2026/09/24
2026-09-28,A711,US91324PBU57,USD,88.71,2026/09/24,84.25,2026/09/24
2026-09-28,A712,US91324PCD24,USD,84.41,2026/09/24,79.98,2026/09/24
2026-09-28,A713,US91324PCR10,USD,87.93,2026/09/24,83.03,2026/09/24
2026-09-28,A714,US91324PDU30,USD,72.93,2026/09/24,68.09,2026/09/24
2026-09-28,A715,US91324PEK49,USD,84.83,2026/09/24,80.01,2026/09/24
2026-09-28,A716,US91324PES74,USD,98.70,2026/09/24,93.60,2026/09/24
2026-09-28,A717,US91324PEW86,USD,88.33,2026/09/24,83.39,2026/09/24
2026-09-28,A718,XS2711530076,AUD,92.46,2026/09/24,86.26,2026/09/24
2026-09-28,A719,XS2711531553,CNY,104.72,2025/08/04,98.93,2026/09/24
2026-09-28,A720,US92343VGW81,USD,92.07,2026/09/24,86.77,2026/09/24
2026-09-28,A721,XS2688994644,USD,104.64,2025/08/26,96.90,2026/09/24
2026-09-28,A722,XS2641755348,ZAR,110.75,2026/09/24,105.62,2026/09/24
2026-09-28,A724,US91282CJF95,USD,100.56,2026/09/24,99.80,2026/09/24
2026-09-28,A725,XS2548892020,USD,101.26,2026/09/24,98.75,2026/09/24
2026-09-28,A726,US025816CW76,USD,98.69,2026/09/24,97.12,2026/09/24
2026-09-28,A727,XS2688646368,USD,101.50,2026/09/24,98.59,2026/09/24
2026-09-28,A729,USU09513JV24,USD,102.39,2025/11/21,99.82,2026/09/24
2026-09-28,A730,USU09513JW07,USD,100.20,2026/09/24,98.44,2026/09/24
2026-09-28,A731,USU09513JX89,USD,98.51,2026/09/15,94.64,2026/09/24
2026-09-28,A732,USU5876JAS43,USD,96.42,2026/09/24,94.00,2026/09/24
2026-09-28,A733,USU9273AED38,USD,97.89,2026/09/24,95.43,2026/09/24
2026-09-28,A734,US89236TMF92,USD,100.85,2026/09/24,99.28,2026/09/24
2026-09-28,A736,XS2806380056,USD,96.83,2025/03/07,94.49,2026/09/24
2026-09-28,A737,US532457CK20,USD,100.16,2026/09/24,98.60,2026/09/24
2026-09-28,A738,US532457CF35,USD,98.20,2026/09/24,95.94,2026/09/24
2026-09-28,A739,US532457CL03,USD,97.15,2026/09/24,94.84,2026/09/24
2026-09-28,A740,US717081EW90,USD,93.21,2026/09/24,91.20,2026/09/24
2026-09-28,A741,US717081FB45,USD,86.39,2026/09/24,84.22,2026/09/24
2026-09-28,A742,US002824BG43,USD,95.35,2026/09/24,92.44,2026/09/24
2026-09-28,A743,US002819AC45,USD,106.55,2026/09/24,103.19,2026/09/24
2026-09-28,A744,US002824AV29,USD,105.27,2026/09/24,101.23,2026/09/24
2026-09-28,A745,US002824AY67,USD,98.71,2026/09/24,94.61,2026/09/24
2026-09-28,A746,US002824BN93,USD,91.00,2026/09/24,86.38,2026/09/24
2026-09-28,A747,XS2852920342,USD,102.26,2026/09/24,99.29,2026/09/24
2026-09-28,A748,XS2820408594,USD,106.92,2025/09/12,92.16,2026/09/24
2026-09-28,A749,US747525BS17,USD,101.41,2026/09/24,99.10,2026/09/24
2026-09-28,A750,AU3TB0000135,AUD,102.21,2025/12/08,99.76,2026/09/24
2026-09-28,A751,AU000XCLWAG2,AUD,98.00,2026/09/24,95.90,2026/09/24
2026-09-28,A752,AU3TB0000200,AUD,95.44,2026/09/24,93.36,2026/09/24
2026-09-28,A753,US298785KE52,USD,98.95,2026/09/24,96.77,2026/09/24
2026-09-28,A754,USJ6355LAD31,USD,99.85,2026/09/24,96.52,2026/09/24
2026-09-28,A755,XS2820406622,JPY,74.07,2026/09/24,70.06,2026/09/24
2026-09-28,A756,US904764BS55,USD,101.31,2026/09/17,99.43,2026/09/24
2026-09-28,A757,US904764AH00,USD,104.10,2026/09/24,101.70,2026/09/24
2026-09-28,A758,US904764BT39,USD,99.26,2026/09/24,96.89,2026/09/24
2026-09-28,A759,US904764BV84,USD,96.35,2026/09/24,93.94,2026/09/24
2026-09-28,A760,US713448FX12,USD,99.66,2026/09/24,98.14,2026/09/24
2026-09-28,A761,US713448FY94,USD,97.99,2026/09/24,95.51,2026/09/24
2026-09-28,A762,US713448FZ69,USD,95.15,2026/09/24,90.11,2026/09/24
2026-09-28,A763,US191216DR86,USD,100.03,2026/09/24,97.74,2026/09/24
2026-09-28,A764,US191216DY38,USD,97.98,2026/09/24,95.65,2026/09/24
2026-09-28,A765,US191216CT51,USD,96.64,2026/09/24,94.45,2026/09/24
2026-09-28,A766,US191216DS69,USD,95.00,2026/09/24,90.02,2026/09/24
2026-09-28,A767,US931142FD05,USD,95.40,2026/09/24,93.13,2026/09/24
2026-09-28,A768,US931142CB75,USD,100.60,2026/09/24,97.70,2026/09/24
2026-09-28,A769,US931142EC31,USD,81.50,2026/09/24,76.68,2026/09/24
2026-09-28,A770,US931142EZ26,USD,85.54,2026/09/24,80.60,2026/09/24
2026-09-28,A771,US65163LAD10,USD,,,94.67,2026/09/24
2026-09-28,A772,XS2476732966,USD,63.59,2026/09/24,59.58,2026/09/24
2026-09-28,A773,XS2476732701,USD,41.10,2026/08/14,34.90,2026/09/24
2026-09-28,A774,XS2888260564,USD,94.99,2026/09/24,92.01,2026/09/24
2026-09-28,A775,XS2688653224,USD,90.96,2026/09/24,86.86,2026/09/24
2026-09-28,A776,XS2688650550,USD,90.63,2026/09/24,85.23,2026/09/24
2026-09-28,A777,XS2919183793,USD,87.72,2026/09/24,83.71,2026/09/24
2026-09-28,A778,XS2814748393,USD,94.25,2026/09/24,89.45,2026/09/24
2026-09-28,A779,XS2814739137,USD,91.69,2026/09/24,85.29,2026/09/24
2026-09-28,A780,XS2814740903,CNY,103.32,2026/08/25,99.69,2026/09/24
2026-09-28,A781,XS2814745886,AUD,95.46,2026/09/24,91.36,2026/09/24
2026-09-28,A782,XS2747599509,USD,94.09,2026/09/24,88.74,2026/09/24
2026-09-28,A783,US742718GL74,USD,98.05,2026/09/24,94.85,2026/09/24
2026-09-28,A784,US742718GK91,USD,99.27,2026/09/24,97.47,2026/09/24
2026-09-28,A785,US742718GA10,USD,96.14,2026/09/24,93.80,2026/09/24
2026-09-28,A786,XS2522918221,ZAR,99.62,2026/03/25,98.10,2026/09/23
2026-09-28,A787,US883556DA77,USD,100.99,2026/09/24,99.45,2026/09/24
2026-09-28,A788,US883556CX89,USD,99.74,2026/09/24,96.97,2026/09/24
2026-09-28,A789,US883556DB50,USD,100.10,2026/09/24,97.17,2026/09/24
2026-09-28,A790,US883556CM25,USD,72.22,2026/09/24,68.12,2026/09/24
2026-09-28,A791,US883556CY62,USD,97.05,2026/09/24,92.44,2026/09/24
2026-09-28,A792,US717081EC37,USD,89.93,2026/09/24,86.91,2026/09/24
2026-09-28,A793,US717081EJ89,USD,88.55,2026/09/24,84.98,2026/09/24
2026-09-28,A794,US717081DK61,USD,86.17,2026/09/24,81.49,2026/09/24
2026-09-28,A795,US00287YDS54,USD,100.29,2026/09/24,98.75,2026/09/24
2026-09-28,A796,US00287YDT38,USD,99.97,2026/09/24,97.78,2026/09/24
2026-09-28,A797,US00287YDU01,USD,98.48,2026/09/24,96.11,2026/09/24
2026-09-28,A798,US00287YAR09,USD,94.22,2026/09/24,91.45,2026/09/24
2026-09-28,A799,US00287YCA55,USD,86.01,2026/09/24,82.40,2026/09/24
2026-09-28,A800,US30303M8M79,USD,100.13,2026/09/24,97.93,2026/09/24
2026-09-28,A801,US30303M8T23,USD,97.83,2026/09/24,95.52,2026/09/24
2026-09-28,A802,US30303M8N52,USD,97.52,2026/09/24,95.22,2026/09/24
2026-09-28,A803,US30303M8U95,USD,95.76,2026/09/24,92.67,2026/09/24
2026-09-28,A804,XS1449564605,USD,93.35,2026/09/24,88.75,2026/09/24
2026-09-28,A805,XS2958267200,USD,85.51,2026/09/24,81.41,2026/09/24
2026-09-28,A806,XS2814369455,USD,87.46,2026/09/24,82.15,2026/09/24
2026-09-28,A807,XS2879624281,USD,97.34,2026/09/24,92.94,2026/09/24
2026-09-28,A808,US65339KDG22,USD,100.86,2026/09/16,99.47,2026/09/24
2026-09-28,A809,US65339KCN81,USD,100.45,2026/09/24,98.43,2026/09/24
2026-09-28,A810,US65339KDK34,USD,100.15,2026/09/24,97.86,2026/09/24
2026-09-28,A811,US65339KCJ79,USD,98.54,2026/09/24,96.28,2026/09/24
2026-09-28,A812,US65339KCP30,USD,98.22,2026/09/24,96.00,2026/09/24
2026-09-28,A813,US65339KCU25,USD,99.04,2026/09/24,96.30,2026/09/24
2026-09-28,A814,US65339KDL17,USD,99.17,2026/09/24,96.42,2026/09/24
2026-09-28,A815,XS2822506759,USD,103.33,2026/03/06,97.88,2026/09/24
2026-09-28,A816,XS2822506833,USD,106.27,2026/03/06,95.93,2026/09/24
2026-09-28,A817,XS0468535637,USD,118.37,2026/03/06,104.27,2026/09/24
2026-09-28,A818,XS0615236188,USD,111.86,2026/03/06,97.50,2026/09/24
2026-09-28,A819,XS2684502623,USD,106.65,2026/03/06,96.57,2026/09/24
2026-09-28,A820,XS2850662631,USD,105.84,2026/03/06,96.13,2026/09/24
2026-09-28,A821,XS2397083820,USD,79.51,2026/03/06,69.16,2026/09/24
2026-09-28,A822,USU74079AN15,USD,101.63,2026/09/24,99.79,2026/09/24
2026-09-28,A823,USU74079AQ46,USD,100.37,2026/09/24,97.79,2026/09/24
2026-09-28,A824,US64110LAZ94,USD,97.98,2026/09/24,95.10,2026/09/24
2026-09-28,A826,US36164QNA21,USD,93.70,2026/09/24,90.88,2026/09/24
2026-09-28,A827,US23331ABS78,USD,96.85,2026/09/24,93.96,2026/09/24
2026-09-28,A828,US842587DT18,USD,101.65,2026/09/24,98.84,2026/09/24
2026-09-28,A829,US36962GXZ26,USD,108.02,2026/09/24,105.59,2026/09/24
2026-09-28,A830,US36962G3P70,USD,103.48,2026/09/24,100.23,2026/09/24
2026-09-28,A831,US478160DJ00,USD,100.21,2026/09/24,98.56,2026/09/24
2026-09-28,A832,US478160DL55,USD,100.10,2026/09/24,97.33,2026/09/24
2026-09-28,A833,US594918AD65,USD,100.67,2026/09/24,96.61,2026/09/24
2026-09-28,A834,XS2938582330,AUD,91.12,2026/09/24,85.72,2026/09/24
2026-09-28,A835,XS2820409055,CNY,103.97,2026/09/24,101.37,2026/09/24
2026-09-28,A836,XS2688665582,AUD,99.30,2026/09/24,96.20,2026/09/24
2026-09-28,A837,XS1791939066,USD,102.53,2026/03/06,96.49,2026/09/24
2026-09-28,A838,US084659AV35,USD,96.06,2026/09/24,93.94,2026/09/24
2026-09-28,A839,US59562VAM90,USD,104.21,2026/09/24,101.08,2026/09/24
2026-09-28,A840,US59562VAP22,USD,103.42,2026/09/24,99.63,2026/09/24
2026-09-28,A843,XS2814585407,CNY,105.24,2026/09/24,100.63,2026/09/24
2026-09-28,A844,XS2814579855,AUD,105.37,2025/09/16,88.88,2026/09/24
2026-09-28,A845,XS2482458671,USD,100.28,2026/03/23,95.60,2026/09/24
2026-09-28,A846,USU75000CK09,USD,100.10,2026/09/24,97.69,2026/09/24
2026-09-28,A847,USU75000CQ78,USD,96.56,2026/09/24,93.54,2026/09/24
2026-09-28,A848,USU75000CP95,USD,98.65,2026/09/24,96.99,2026/09/24
2026-09-28,A849,US26442UAU88,USD,97.56,2026/09/24,94.76,2026/09/24
2026-09-28,A850,US26442UAH77,USD,97.25,2026/09/24,95.64,2026/09/24
2026-09-28,A851,US57636QBC78,USD,95.56,2026/09/24,92.70,2026/09/24
2026-09-28,A852,US57636QBB95,USD,96.93,2026/09/24,94.66,2026/09/24
2026-09-28,A853,US57636QAZ72,USD,98.41,2026/09/24,95.54,2026/09/24
2026-09-28,A854,US57636QAW42,USD,100.90,2026/09/24,99.70,2026/09/24
2026-09-28,A855,XS1449536900,ZAR,107.46,2026/09/24,102.45,2026/09/24
2026-09-28,A856,US00287YAV11,USD,92.16,2026/09/24,89.14,2026/09/24
2026-09-28,A857,USU6408XAM12,USD,98.67,2026/09/24,95.63,2026/09/24
2026-09-28,A858,USU6408XAK55,USD,100.34,2026/09/24,98.33,2026/09/24
2026-09-28,A859,XS2814195447,USD,105.37,2025/09/12,88.81,2026/09/24
2026-09-28,A860,XS2647979181,EUR,97.78,2026/09/24,95.77,2026/09/24
2026-09-28,A861,XS0528414377,GBP,96.83,2026/09/24,92.95,2026/09/24
2026-09-28,A862,FR001400KJO0,EUR,98.07,2026/09/24,95.88,2026/09/24
2026-09-28,A863,FR001400QJ21,EUR,100.27,2026/09/24,98.25,2026/09/24
2026-09-28,A864,FR001400TSK0,EUR,96.73,2026/09/24,94.65,2026/09/24
2026-09-28,A865,XS2641758870,AUD,100.20,2026/09/24,96.79,2026/09/24
2026-09-28,A866,XS2820407356,AUD,106.54,2025/09/16,89.00,2026/09/24
2026-09-28,A867,XS3030091329,EUR,97.49,2026/09/24,95.25,2026/09/24
2026-09-28,A868,XS2185868051,EUR,81.82,2026/09/24,77.91,2026/09/24
2026-09-28,A869,XS2185867913,EUR,94.00,2026/09/24,91.93,2026/09/24
2026-09-28,A870,AU3SG0003163,AUD,96.36,2026/09/24,92.78,2026/09/24
2026-09-28,A871,AU3SG0002710,AUD,93.43,2026/09/24,90.39,2026/09/24
2026-09-28,A872,XS2909746401,EUR,94.17,2026/09/24,91.04,2026/09/24
2026-09-28,A873,XS2481694433,EUR,89.63,2026/09/24,83.52,2026/09/24
2026-09-28,A874,US02079KAL17,USD,94.89,2026/09/24,92.02,2026/09/24
2026-09-28,A875,US02079KAK34,USD,97.75,2026/09/24,95.51,2026/09/24
2026-09-28,A876,US95040QAD60,USD,100.13,2026/09/11,98.49,2026/09/24
2026-09-28,A877,US95040QAM69,USD,90.75,2026/09/24,88.56,2026/09/24
2026-09-28,A878,US92277GAN79,USD,99.14,2026/09/24,97.60,2026/09/24
2026-09-28,A879,US92277GBA40,USD,96.42,2026/09/24,93.58,2026/09/24
2026-09-28,A880,US90353TAP57,USD,95.74,2026/09/24,92.94,2026/09/24
2026-09-28,A881,US46647PEC68,USD,99.49,2026/09/24,96.73,2026/09/24
2026-09-28,A882,US606822DH40,USD,99.89,2026/09/24,97.10,2026/09/24
2026-09-28,A883,US46124HAF38,USD,101.15,2026/09/24,99.72,2026/09/24
2026-09-28,A884,US46124HAG11,USD,98.23,2026/09/24,95.91,2026/09/24
2026-09-28,A885,US00724PAG46,USD,98.09,2026/09/24,95.15,2026/09/24
2026-09-28,A886,US00724PAK57,USD,99.56,2026/09/24,96.47,2026/09/24
2026-09-28,A891,US60687YDJ55,USD,99.04,2026/09/24,95.70,2026/09/24
2026-09-28,A892,US45866FAW41,USD,96.37,2026/09/24,94.10,2026/09/24
2026-09-28,A893,US45866FAV67,USD,98.84,2026/09/24,97.30,2026/09/24
2026-09-28,A894,XS3088702512,USD,98.13,2026/09/24,94.13,2026/09/24
2026-09-28,A895,XS2990482411,GBP,88.26,2026/09/24,82.70,2026/09/24
2026-09-28,A896,XS2711530829,USD,94.65,2026/09/24,90.05,2026/09/24
2026-09-28,A897,US404280EN53,USD,,,98.70,2026/09/24
2026-09-28,A898,US60687YDH99,USD,,,97.91,2026/09/24
2026-09-28,A899,USJ7771YSY43,USD,,,96.83,2026/09/24
2026-09-28,A900,US06051GLH01,USD,,,96.79,2026/09/24
2026-09-28,A901,USH3698DCW23,USD,,,95.21,2026/09/24
2026-09-28,A902,US46647PDC77,USD,,,94.20,2026/09/24
2026-09-28,A903,XS3088245355,JPY,74.06,2026/09/24,69.30,2026/09/24
2026-09-28,A904,XS2125308168,USD,98.90,2026/03/06,91.88,2026/09/24
2026-09-28,A905,XS2492384818,USD,101.36,2026/03/06,93.29,2026/09/24
2026-09-28,A906,XS2155352664,USD,100.70,2026/03/06,94.59,2026/09/24
2026-09-28,A907,XS3060187799,AUD,95.65,2026/09/24,91.55,2026/09/24
2026-09-28,A908,XS3100013179,AUD,93.54,2026/09/24,88.54,2026/09/24
2026-09-28,A909,US49456BBB62,USD,100.95,2026/09/24,98.91,2026/09/24
2026-09-28,A910,US49456BAG68,USD,98.67,2026/09/24,95.84,2026/09/24
2026-09-28,A911,XS2589790018,EUR,92.59,2026/09/24,88.12,2026/09/24
2026-09-28,A912,XS2769892865,EUR,94.74,2026/09/24,91.93,2026/09/24
2026-09-28,A913,USN82008AF50,USD,86.86,2026/09/24,81.46,2026/09/24
2026-09-28,A914,US06051GMD87,USD,,,95.74,2026/09/24
2026-09-28,A915,XS1449469367,AUD,93.27,2026/09/24,89.26,2026/09/24
2026-09-28,A916,US449276AG99,USD,,,82.51,2026/09/24
2026-09-28,A920,USH42097FF95,USD,,,97.26,2026/09/24
2026-09-28,A921,XS3088731537,USD,93.78,2026/09/24,89.28,2026/09/24
2026-09-28,A922,US86562MEA45,USD,,,94.68,2026/09/24
2026-09-28,A923,US59022CAJ27,USD,,,99.18,2026/09/24
2026-09-28,A924,XS3034004351,USD,90.25,2026/09/24,85.74,2026/09/24
2026-09-28,A925,US459200HF10,USD,78.59,2026/09/24,75.62,2026/09/24
2026-09-28,A926,US459200KU40,USD,95.48,2026/09/24,93.08,2026/09/24
2026-09-28,A927,US532457BT48,USD,76.66,2026/09/24,73.81,2026/09/24
2026-09-28,A928,US532457DE50,USD,97.48,2026/09/24,94.65,2026/09/24
2026-09-28,A929,US023135AQ91,USD,88.94,2026/09/24,86.10,2026/09/24
2026-09-28,A931,US06051GEN51,USD,,,97.52,2026/09/24
2026-09-28,A932,US06051GMB22,USD,104.65,2025/10/01,95.40,2026/09/24
2026-09-28,A933,XS3117673999,AUD,92.03,2026/09/24,88.03,2026/09/24
2026-09-28,A934,US872898AD36,USD,78.15,2026/09/24,73.90,2026/09/24
2026-09-28,A935,XS1449431474,ZAR,32.21,2026/09/24,29.00,2026/09/24
2026-09-28,A936,XS2885079702,USD,98.48,2026/09/24,94.81,2026/09/24
2026-09-28,A937,XS3088248292,ZAR,94.54,2026/09/24,88.54,2026/09/24
2026-09-28,A938,XS3046322593,USD,96.69,2026/09/24,92.84,2026/09/24
2026-09-28,A939,XS3151416727,USD,96.91,2026/09/24,93.95,2026/09/24
2026-09-28,A940,US278062AH73,USD,94.81,2026/09/24,92.63,2026/09/24
2026-09-28,A941,US278062AE43,USD,84.80,2026/09/24,80.80,2026/09/24
2026-09-28,A942,XS3012958636,USD,91.85,2026/04/30,76.80,2026/09/24
2026-09-28,A943,MX0MGO0000J5,MXN,100.24,2026/01/30,92.02,2026/08/31
2026-09-28,A944,US036752BJ10,USD,96.31,2026/09/24,93.97,2026/09/24
2026-09-28,A945,US036752BK82,USD,95.92,2026/09/24,93.13,2026/09/24
2026-09-28,A946,US125523CY43,USD,97.83,2026/09/24,95.54,2026/09/24
2026-09-28,A947,US125523CZ18,USD,97.82,2026/09/24,94.95,2026/09/24
2026-09-28,A948,US125523AJ93,USD,92.70,2026/09/24,89.28,2026/09/24
2026-09-28,A949,US007903BF39,USD,94.14,2026/09/24,91.71,2026/09/24
2026-09-28,A950,US210385AD21,USD,104.37,2026/09/24,101.41,2026/09/24
2026-09-28,A951,US30161MAG87,USD,103.61,2026/09/24,99.59,2026/09/24
2026-09-28,A952,US30161MAN39,USD,97.62,2026/09/24,93.22,2026/09/24
2026-09-28,A953,US06051GJA85,USD,,,73.70,2026/09/24
2026-09-28,A954,XS3151526400,USD,85.72,2026/09/24,80.22,2026/09/24
2026-09-28,A955,US02079KAY38,USD,94.82,2026/09/24,91.99,2026/09/24
2026-09-28,A956,US02079KAZ03,USD,94.13,2026/09/24,89.18,2026/09/24
2026-09-28,A957,HK0001173357,CNY,103.05,2026/09/24,99.42,2026/09/24
2026-09-28,A958,US023135CV68,USD,94.16,2026/09/24,91.32,2026/09/24
2026-09-28,A959,US023135CT13,USD,96.57,2026/09/24,94.89,2026/09/24
2026-09-28,A960,US092914AC40,USD,101.20,2026/03/04,92.01,2026/09/24
2026-09-28,A961,US092914AB66,USD,101.20,2026/03/04,95.26,2026/09/24
2026-09-28,A962,XS1449445771,USD,46.95,2026/09/24,41.35,2026/09/24
2026-09-28,A963,AU0000300535,AUD,,,85.58,2026/09/24
2026-09-28,A964,US06051GGM50,USD,96.21,2025/12/23,86.07,2026/09/24
2026-09-28,A965,US61744YAR99,USD,96.89,2025/12/23,86.08,2026/09/24
2026-09-28,A968,US92343VHC19,USD,,,93.90,2026/09/24
2026-09-28,A969,US084664BU46,USD,87.95,2026/09/24,83.68,2026/09/24
2026-09-28,A970,US12189LAS07,USD,91.58,2026/09/24,87.04,2026/09/24
2026-09-28,A971,XS3216486657,USD,87.33,2026/09/24,82.23,2026/09/24
2026-09-28,A972,US92826CBA99,USD,96.65,2026/09/24,94.31,2026/09/24
2026-09-28,A973,US369604CA96,USD,97.14,2026/09/24,94.34,2026/09/24
2026-09-28,A974,XS3284470294,USD,94.29,2026/09/24,89.98,2026/09/24
2026-09-28,A975,US46647PDH64,USD,102.16,2026/06/16,99.48,2026/06/16
2026-09-28,A976,US06051GMA49,USD,104.76,2026/06/16,101.56,2026/06/16
2026-09-28,A977,US404280DH94,USD,103.46,2026/06/16,100.81,2026/06/16
2026-09-28,A978,USH42097DT18,USD,106.29,2026/06/16,103.62,2026/06/16
2026-09-28,A979,US30303MAD48,USD,94.47,2026/09/24,91.28,2026/09/24
2026-09-28,A980,US023135DF00,USD,95.38,2026/09/24,92.35,2026/09/24
2026-09-28,A981,US02079KBM80,USD,95.44,2026/09/24,92.32,2026/09/24
2026-09-28,A982,US404280EX36,USD,,,97.71,2026/09/24
2026-09-28,A983,USH42097EU71,USD,,,97.88,2026/09/24
2026-09-28,A984,US606822DL51,USD,,,97.04,2026/09/24
2026-09-28,A985,US61748UAF93,USD,,,96.59,2026/09/24
2026-09-28,A986,US67066GAT13,USD,95.78,2026/09/24,92.87,2026/09/24
2026-09-28,A987,US67066GAS30,USD,96.90,2026/09/24,94.57,2026/09/24
2026-09-28,A988,US67066GAR56,USD,97.35,2026/09/24,95.69,2026/09/24
2026-09-28,A989,US30303MAH51,USD,96.78,2026/09/24,93.78,2026/09/24
2026-09-28,A990,US30303MAF95,USD,97.32,2026/09/24,95.64,2026/09/24
2026-09-28,A991,XS1449255485,USD,98.95,2026/09/24,96.64,2026/09/24
2026-09-28,A992,XS3415204364,USD,97.82,2026/09/24,94.51,2026/09/24
2026-09-28,A993,XS3096123883,USD,,,99.89,2026/09/24
2026-09-28,H001,US105756CE88,USD,93.07,2026/09/24,90.84,2026/09/24
2026-09-28,H002,XS2405871570,USD,97.61,2026/09/24,95.36,2026/09/24
2026-09-28,H003,XS0880597603,USD,102.79,2026/03/06,89.64,2026/09/24
2026-09-28,H004,XS2226973522,USD,78.26,2026/03/06,65.33,2026/09/24
2026-09-29,A043,US45905UAD63,ZAR,90.46,2025/10/09,94.09,2026/09/29
2026-09-29,A049,XS0078962809,ZAR,67.25,2024/04/26,88.23,2026/09/29
2026-09-29,A053,XS0076085603,ZAR,71.65,2024/04/26,94.11,2026/09/29
2026-09-29,A110,XS1071551474,USD,94.96,2024/04/26,101.52,2026/09/29
2026-09-29,A113,XS1081321595,USD,24.77,2024/12/27,15.81,2026/09/29
2026-09-29,A132,US172967JC62,USD,101.19,2026/09/14,99.72,2026/09/29
2026-09-29,A166,US404280AM17,USD,102.06,2026/09/29,97.96,2026/09/29
2026-09-29,A171,USF8586CRW49,USD,102.38,2023/12/13,99.46,2023/12/13
2026-09-29,A205,US00206RCP55,USD,90.94,2026/09/29,88.31,2026/09/29
2026-09-29,A235,USF2893TAM83,USD,101.92,2024/01/23,99.21,2024/01/23
2026-09-29,A244,US87927VAM00,USD,87.90,2024/04/26,97.10,2026/09/29
2026-09-29,A255,US00206RBH49,USD,79.70,2026/09/29,75.66,2026/09/29
2026-09-29,A291,XS1508675417,USD,99.67,2025/03/17,99.77,2026/09/29
2026-09-29,A292,XS1508675508,USD,79.24,2026/09/29,74.59,2026/09/29
2026-09-29,A301,USJ09748AD66,USD,98.39,2024/04/26,99.47,2026/06/03
2026-09-29,A315,DE000CZ40LW5,EUR,101.70,2026/09/29,100.03,2026/09/29
2026-09-29,A323,US037833CJ77,USD,100.26,2025/07/04,99.46,2026/09/29
2026-09-29,A324,US037833BW97,USD,95.64,2026/09/29,93.11,2026/09/29
2026-09-29,A325,US037833CH12,USD,81.75,2026/09/29,76.91,2026/09/29
2026-09-29,A327,USY7138AAD29,USD,95.86,2026/09/29,91.26,2026/09/29
2026-09-29,A328,US71568QAB32,USD,86.74,2026/09/29,81.82,2026/09/29
2026-09-29,A343,US91912EAA38,USD,95.98,2026/09/29,91.12,2026/09/29
2026-09-29,A347,XS0773669972,SEK,102.63,2026/09/29,99.93,2026/09/29
2026-09-29,A351,US382550BG56,USD,101.87,2026/07/23,99.02,2026/09/29
2026-09-29,A357,AU3CB0246239,AUD,100.27,2024/04/26,98.95,2026/09/29
2026-09-29,A359,XS0076593267,ZAR,93.31,2026/03/06,94.60,2026/09/29
2026-09-29,A361,XS1167524922,ZAR,102.87,2025/06/02,99.86,2026/09/29
2026-09-29,A363,US747525AV54,USD,79.83,2026/09/29,74.99,2026/09/29
2026-09-29,A364,US20030NBZ33,USD,69.59,2026/09/29,64.29,2026/09/29
2026-09-29,A365,US20030NBT72,USD,79.76,2026/09/29,76.54,2026/09/29
2026-09-29,A367,XS1684384867,USD,100.34,2026/09/29,98.59,2026/09/29
2026-09-29,A370,US025816BF52,USD,81.65,2026/09/29,77.18,2026/09/29
2026-09-29,A379,USQ2693DBV21,USD,80.74,2024/04/26,73.56,2026/09/29
2026-09-29,A382,XS1793255198,USD,100.94,2026/09/29,98.99,2026/09/29
2026-09-29,A385,AU3CB0250512,AUD,100.80,2026/03/06,97.87,2026/09/29
2026-09-29,A389,US404280BL25,USD,98.38,2024/04/26,99.41,2026/09/29
2026-09-29,A390,US71654QCG55,USD,95.67,2024/04/26,99.87,2026/09/29
2026-09-29,A391,US404280BK42,USD,97.45,2024/04/26,99.31,2026/09/29
2026-09-29,A392,USH4209UAC02,USD,100.01,2026/09/29,98.54,2026/09/29
2026-09-29,A393,US023135BJ40,USD,75.65,2026/09/29,70.97,2026/09/29
2026-09-29,A394,US023135BF28,USD,85.89,2026/09/29,82.74,2026/09/29
2026-09-29,A398,US50077LAT35,USD,100.28,2026/09/29,98.14,2026/09/29
2026-09-29,A400,US94974BGE48,USD,82.81,2026/09/29,77.79,2026/09/29
2026-09-29,A401,US20030NBQ34,USD,78.83,2026/09/29,73.80,2026/09/29
2026-09-29,A402,XS1550938978,USD,100.88,2024/04/26,99.34,2026/09/29
2026-09-29,A408,US38141GWV21,USD,95.40,2024/04/26,97.12,2026/09/29
2026-09-29,A409,US61744YAK47,USD,96.16,2024/04/26,98.43,2026/09/29
2026-09-29,A410,US404280AQ21,USD,90.82,2026/09/29,86.13,2026/09/29
2026-09-29,A411,US92343VBE39,USD,86.92,2026/09/29,82.40,2026/09/29
2026-09-29,A419,US713448DP06,USD,72.76,2026/09/29,67.77,2026/09/29
2026-09-29,A420,XS1925409929,CNY,101.79,2025/02/21,101.72,2026/09/29
2026-09-29,A421,XS1925406586,ZAR,96.93,2025/02/21,97.64,2026/09/29
2026-09-29,A422,US913017CX53,USD,83.67,2026/09/29,78.72,2026/09/29
2026-09-29,A423,US04650NAB01,USD,92.60,2026/09/29,88.07,2026/09/29
2026-09-29,A424,US06051GGC78,USD,100.35,2026/09/29,98.82,2026/09/29
2026-09-29,A425,XS1891687300,USD,99.11,2026/09/29,96.92,2026/09/29
2026-09-29,A428,US960386AM29,USD,99.88,2026/09/29,98.41,2026/09/29
2026-09-29,A429,US345370CR99,USD,101.06,2026/06/08,99.53,2026/09/29
2026-09-29,A434,XS1807183543,ZAR,107.95,2025/04/24,97.90,2026/09/29
2026-09-29,A438,US00206RJK95,USD,82.57,2026/09/29,77.26,2026/09/29
2026-09-29,A442,US023135BC96,USD,99.70,2026/08/20,98.40,2026/09/29
2026-09-29,A443,USU09513HK86,USD,99.16,2026/09/24,97.49,2026/09/29
2026-09-29,A445,XS1906339855,ZAR,76.35,2025/02/21,84.60,2026/09/29
2026-09-29,A446,US50077LAB27,USD,79.08,2026/09/29,73.99,2026/09/29
2026-09-29,A447,US369604BF92,USD,96.29,2025/03/25,77.82,2026/09/29
2026-09-29,A448,US35671DCD57,USD,102.92,2025/07/15,98.70,2026/09/29
2026-09-29,A449,XS2027978902,CNY,86.69,2025/02/21,92.42,2026/09/24
2026-09-29,A450,XS2027978738,AUD,57.64,2025/02/21,58.32,2026/09/29
2026-09-29,A451,XS2027994933,ZAR,67.58,2025/02/21,77.47,2026/09/29
2026-09-29,A452,XS2027978654,USD,59.84,2025/02/21,60.57,2026/09/29
2026-09-29,A454,US42824CAX74,USD,103.37,2026/09/29,100.25,2026/09/29
2026-09-29,A455,US92857WBD11,USD,81.87,2026/09/29,77.27,2026/09/29
2026-09-29,A456,US00287YAM12,USD,85.40,2026/09/29,80.97,2026/09/29
2026-09-29,A457,US06738EAW57,USD,100.24,2026/09/29,98.80,2026/09/29
2026-09-29,A458,US06738EAV74,USD,85.84,2026/09/29,80.92,2026/09/29
2026-09-29,A459,XS1480699641,USD,101.18,2026/09/29,99.48,2026/09/29
2026-09-29,A460,XS1793294841,USD,96.38,2024/04/26,98.15,2026/09/29
2026-09-29,A462,US69370RAE71,USD,80.15,2026/09/29,74.85,2026/09/29
2026-09-29,A463,US37045VAH33,USD,93.48,2026/09/29,90.70,2026/09/29
2026-09-29,A464,US37045VAJ98,USD,86.13,2026/09/29,81.32,2026/09/29
2026-09-29,A465,XS1750113661,USD,100.77,2024/04/26,99.38,2026/09/29
2026-09-29,A467,XS2086685109,NZD,88.46,2025/02/21,89.48,2026/09/29
2026-09-29,A468,USY20721BE87,USD,85.37,2026/09/29,80.62,2026/09/29
2026-09-29,A469,US91087BAB62,USD,71.96,2026/09/29,66.83,2026/09/29
2026-09-29,A470,US345370CA64,USD,106.12,2026/09/29,103.81,2026/09/29
2026-09-29,A471,US345370CS72,USD,81.07,2026/09/29,76.29,2026/09/29
2026-09-29,A472,US428236BR31,USD,97.75,2026/09/29,93.53,2026/09/29
2026-09-29,A473,XS1888930150,USD,103.43,2024/04/26,100.18,2026/09/29
2026-09-29,A475,XS2044958234,ZAR,66.17,2026/09/29,61.32,2026/09/29
2026-09-29,A476,XS2072933778,USD,95.81,2026/09/29,93.01,2026/09/29
2026-09-29,A480,XS2129916867,USD,86.24,2025/02/21,87.93,2026/09/29
2026-09-29,A485,US594918BS26,USD,86.75,2026/09/29,83.57,2026/09/29
2026-09-29,A486,US594918BT09,USD,76.08,2026/09/29,71.28,2026/09/29
2026-09-29,A487,US931142EP44,USD,65.51,2026/09/29,60.51,2026/09/29
2026-09-29,A488,US031162CR97,USD,75.66,2026/09/29,72.10,2026/09/29
2026-09-29,A489,US375558BA09,USD,84.77,2026/09/29,80.14,2026/09/29
2026-09-29,A490,US09062XAD57,USD,90.29,2026/09/29,85.35,2026/09/29
2026-09-29,A491,XS2057866191,USD,74.37,2026/03/06,59.86,2026/09/29
2026-09-29,A492,US254687FL52,USD,94.97,2026/07/03,91.11,2026/09/29
2026-09-29,A493,US254687FM36,USD,61.44,2026/09/29,56.62,2026/09/29
2026-09-29,A494,XS2033252664,CNY,97.89,2025/02/21,94.76,2026/09/24
2026-09-29,A495,XS2109770151,USD,66.10,2026/09/29,60.64,2026/09/29
2026-09-29,A496,AU0000078644,AUD,95.37,2025/02/14,89.52,2026/09/29
2026-09-29,A498,US00206RJZ64,USD,74.26,2026/09/29,70.32,2026/09/29
2026-09-29,A499,US00206RKA94,USD,65.68,2026/09/29,60.70,2026/09/29
2026-09-29,A501,XS2188553858,ZAR,92.60,2025/02/21,94.83,2026/09/29
2026-09-29,A502,XS1697550512,ZAR,63.76,2026/09/29,61.19,2026/09/29
2026-09-29,A503,XS1238805102,ZAR,51.22,2026/09/29,48.10,2026/09/29
2026-09-29,A504,ZAG000106998,ZAR,97.84,2025/02/24,98.56,2026/09/29
2026-09-29,A505,US097023CU76,USD,102.79,2024/09/16,99.70,2026/09/29
2026-09-29,A506,US097023CY98,USD,102.68,2024/09/16,97.97,2026/09/29
2026-09-29,A507,US097023CV59,USD,102.26,2024/09/16,93.35,2026/09/29
2026-09-29,A508,XS1982113463,USD,93.48,2026/03/06,80.75,2026/09/29
2026-09-29,A509,XS1982116136,USD,87.03,2026/03/06,70.96,2026/09/29
2026-09-29,A512,US404280CK33,USD,89.32,2026/09/29,87.76,2026/09/29
2026-09-29,A513,US037833DZ01,USD,56.94,2026/09/29,52.24,2026/09/29
2026-09-29,A514,US037833EA41,USD,53.11,2026/09/29,48.02,2026/09/29
2026-09-29,A515,XS2163008829,CNY,105.91,2026/09/29,100.56,2026/09/29
2026-09-29,A517,US09062XAG88,USD,64.11,2026/09/29,59.18,2026/09/29
2026-09-29,A519,US37045VAL45,USD,101.94,2026/09/29,96.92,2026/09/29
2026-09-29,A520,US00206RKE17,USD,61.25,2026/09/29,56.31,2026/09/29
2026-09-29,A521,USJ57160DZ32,USD,98.55,2025/03/04,90.17,2026/09/29
2026-09-29,A522,US71654QDC33,USD,88.54,2024/04/26,99.62,2026/09/29
2026-09-29,A523,US71654QDE98,USD,80.74,2024/04/26,94.75,2026/09/29
2026-09-29,A524,US233835AQ08,USD,111.94,2026/09/29,109.78,2026/09/29
2026-09-29,A525,AU3CB0274280,AUD,99.34,2026/09/29,96.13,2026/09/29
2026-09-29,A527,US88579YBK64,USD,66.73,2026/09/29,61.81,2026/09/29
2026-09-29,A528,XS2262826618,CNY,97.10,2025/02/21,94.05,2026/09/29
2026-09-29,A530,XS2043730949,ZAR,81.68,2025/02/21,87.40,2026/09/29
2026-09-29,A531,XS2272728564,USD,63.43,2025/02/21,62.16,2026/09/29
2026-09-29,A532,US88032XAN49,USD,98.88,2026/09/29,96.81,2026/09/29
2026-09-29,A533,US88032XAV64,USD,67.31,2026/09/29,61.67,2026/09/29
2026-09-29,A534,US42824CAY57,USD,99.96,2026/09/29,94.80,2026/09/29
2026-09-29,A537,XS2175210090,ZAR,44.13,2026/09/29,40.93,2026/09/29
2026-09-29,A538,US35671DBJ37,USD,97.85,2026/09/29,95.43,2026/09/29
2026-09-29,A539,US594918BU71,USD,73.69,2026/09/29,68.26,2026/09/29
2026-09-29,A540,ZAG000125972,ZAR,91.84,2025/02/21,99.34,2026/09/29
2026-09-29,A541,US097023CN34,USD,92.03,2024/09/16,91.49,2026/09/29
2026-09-29,A543,US097023CQ64,USD,74.49,2024/09/16,65.75,2026/09/29
2026-09-29,A544,US097023CR48,USD,72.52,2024/09/16,63.13,2026/09/29
2026-09-29,A545,XS2086746927,ZAR,106.04,2025/02/21,136.66,2026/09/29
2026-09-29,A546,US404280CN71,USD,85.66,2024/04/26,90.52,2026/09/29
2026-09-29,A547,XS2305731403,CNY,94.10,2025/02/21,97.01,2026/09/29
2026-09-29,A548,US68389XBX21,USD,58.77,2026/09/29,53.86,2026/09/29
2026-09-29,A549,US68389XBY04,USD,59.16,2026/09/24,51.86,2026/09/29
2026-09-29,A550,US654106AE35,USD,77.46,2026/09/29,72.49,2026/09/29
2026-09-29,A551,AU3CB0278711,AUD,83.21,2024/04/26,86.87,2026/09/29
2026-09-29,A552,US713448EP96,USD,63.43,2026/09/29,58.39,2026/09/29
2026-09-29,A553,US87264ABN46,USD,63.45,2026/09/29,58.45,2026/09/29
2026-09-29,A554,US87264AAZ84,USD,77.77,2026/09/29,72.73,2026/09/29
2026-09-29,A555,US717081FA61,USD,60.68,2026/09/29,55.62,2026/09/29
2026-09-29,A556,US88579EAC93,USD,100.49,2026/09/29,97.26,2026/09/29
2026-09-29,A557,US92826CAE21,USD,91.97,2026/09/29,89.16,2026/09/29
2026-09-29,A558,US58933YAV74,USD,84.90,2026/09/29,81.56,2026/09/29
2026-09-29,A559,US742718DF34,USD,102.45,2026/09/29,99.11,2026/09/29
2026-09-29,A560,US742718FJ38,USD,82.95,2026/09/29,78.58,2026/09/29
2026-09-29,A561,US594918BZ68,USD,91.00,2026/09/29,87.89,2026/09/29
2026-09-29,A562,US24703TAE64,USD,100.99,2024/04/26,99.79,2026/09/29
2026-09-29,A563,US046353AZ13,USD,64.68,2026/09/29,59.75,2026/09/29
2026-09-29,A564,US345370CQ17,USD,77.50,2026/09/29,73.17,2026/09/29
2026-09-29,A565,US345370BR09,USD,102.99,2026/09/29,97.37,2026/09/29
2026-09-29,A566,XS2361253607,USD,93.29,2026/09/29,89.19,2026/09/29
2026-09-29,A567,USU54985AA15,USD,90.22,2024/12/27,92.21,2026/09/29
2026-09-29,A568,US00206RLV23,USD,61.61,2026/09/29,56.45,2026/09/29
2026-09-29,A569,US31428XCE40,USD,74.88,2025/01/09,67.23,2026/09/29
2026-09-29,A570,US606822BE37,USD,87.43,2026/09/29,83.55,2026/09/29
2026-09-29,A571,US459200KL41,USD,60.15,2026/09/29,55.24,2026/09/29
2026-09-29,A573,US29078EAA38,USD,29.11,2026/06/11,11.62,2026/09/29
2026-09-29,A574,XS2406737622,AUD,82.80,2025/02/21,74.15,2026/09/29
2026-09-29,A575,US86964WAK80,USD,88.40,2026/09/29,85.80,2026/09/29
2026-09-29,A577,XS2365562128,ZAR,78.67,2025/02/21,84.79,2026/09/29
2026-09-29,A578,XS2394881291,CNY,97.16,2025/02/21,100.83,2026/09/24
2026-09-29,A579,US40434LAJ44,USD,88.69,2026/09/29,86.18,2026/09/29
2026-09-29,A581,US71643VAB18,USD,84.10,2024/04/26,96.10,2026/09/29
2026-09-29,A582,XS2447755609,AUD,92.15,2023/06/07,74.10,2026/09/29
2026-09-29,A583,US438127AB80,USD,99.37,2025/12/26,98.73,2026/09/29
2026-09-29,A584,US404280AG49,USD,104.48,2026/09/29,101.33,2026/09/29
2026-09-29,A585,US91282CEF41,USD,99.69,2026/08/21,98.95,2026/09/29
2026-09-29,A586,US91282CDJ71,USD,84.33,2026/09/29,83.12,2026/09/29
2026-09-29,A587,US912810TD00,USD,57.61,2026/09/29,54.25,2026/09/29
2026-09-29,A588,XS2455417910,USD,97.61,2025/02/21,98.16,2026/09/29
2026-09-29,A589,US872898AF83,USD,101.07,2026/02/11,99.17,2026/09/29
2026-09-29,A590,US872898AG66,USD,99.50,2026/09/29,97.22,2026/09/29
2026-09-29,A591,US872898AH40,USD,96.20,2026/09/29,93.79,2026/09/29
2026-09-29,A592,US872898AJ06,USD,88.23,2026/09/29,83.01,2026/09/29
2026-09-29,A593,XS1649504096,MXN,101.09,2025/12/19,99.23,2026/09/29
2026-09-29,A594,XS2019705552,USD,82.01,2026/09/29,77.20,2026/09/29
2026-09-29,A599,USG91139AK43,USD,99.99,2024/04/26,99.23,2026/09/29
2026-09-29,A600,USG91139AL26,USD,98.22,2026/09/29,95.46,2026/09/29
2026-09-29,A602,US084670BK32,USD,87.18,2026/09/29,82.98,2026/09/29
2026-09-29,A603,US084664CQ25,USD,79.01,2026/09/29,74.15,2026/09/29
2026-09-29,A604,XS2080947265,CNY,102.93,2026/09/24,100.32,2026/09/24
2026-09-29,A605,USU9273ACK98,USD,99.41,2026/09/29,97.85,2026/09/29
2026-09-29,A606,US892331AN94,USD,89.76,2026/09/29,87.34,2026/09/29
2026-09-29,A607,US606822BR40,USD,92.45,2026/09/29,90.30,2026/09/29
2026-09-29,A608,US86562MCN83,USD,95.65,2026/09/29,93.28,2026/09/29
2026-09-29,A609,US30303M8G02,USD,100.80,2026/01/13,98.72,2026/09/29
2026-09-29,A610,US30303M8H84,USD,91.94,2026/09/29,89.69,2026/09/29
2026-09-29,A611,US30303M8J41,USD,72.74,2026/09/29,68.04,2026/09/29
2026-09-29,A612,US30303M8K14,USD,71.31,2026/09/29,66.26,2026/09/29
2026-09-29,A615,US91282CFV81,USD,95.85,2026/09/29,94.53,2026/09/29
2026-09-29,A617,XS2476733428,ZAR,103.37,2026/09/29,100.42,2026/09/29
2026-09-29,A618,US478160BJ28,USD,96.04,2026/09/29,94.22,2026/09/29
2026-09-29,A619,US478160CS18,USD,56.74,2026/09/29,51.88,2026/09/29
2026-09-29,A620,US70450YAK91,USD,101.36,2026/01/12,99.02,2026/09/29
2026-09-29,A621,US70450YAL74,USD,95.69,2026/09/29,92.89,2026/09/29
2026-09-29,A622,US70450YAM57,USD,85.48,2026/09/29,79.63,2026/09/29
2026-09-29,A623,US70450YAN31,USD,86.81,2026/09/29,81.01,2026/09/29
2026-09-29,A625,XS2568986751,USD,98.66,2026/09/29,95.06,2026/09/29
2026-09-29,A626,XS2564922370,USD,93.56,2026/09/29,89.46,2026/09/29
2026-09-29,A627,XS2569034155,USD,97.73,2023/07/17,84.93,2026/09/29
2026-09-29,A629,US892331AD13,USD,100.31,2026/07/20,97.39,2026/09/29
2026-09-29,A630,US892331AG44,USD,95.39,2026/09/29,93.40,2026/09/29
2026-09-29,A632,US92343VGT52,USD,97.56,2026/09/29,95.32,2026/09/29
2026-09-29,A633,US92343VCV45,USD,88.54,2026/09/29,85.80,2026/09/29
2026-09-29,A634,US92343VCK89,USD,84.10,2026/09/29,79.27,2026/09/29
2026-09-29,A635,US92343VFD10,USD,73.69,2026/09/29,68.69,2026/09/29
2026-09-29,A636,US254687FR23,USD,90.23,2026/09/29,86.47,2026/09/29
2026-09-29,A637,US254687FS06,USD,85.13,2026/09/29,80.35,2026/09/29
2026-09-29,A638,US88579YBD22,USD,76.03,2026/09/29,70.98,2026/09/29
2026-09-29,A639,US716973AE24,USD,96.49,2026/09/29,94.21,2026/09/29
2026-09-29,A640,US716973AG71,USD,90.11,2026/09/29,85.48,2026/09/29
2026-09-29,A641,US037833ET32,USD,101.16,2026/05/21,98.28,2026/09/29
2026-09-29,A642,US037833EU05,USD,98.78,2026/09/29,96.60,2026/09/29
2026-09-29,A643,US037833EV87,USD,96.69,2026/09/29,94.37,2026/09/29
2026-09-29,A644,US037833EW60,USD,88.58,2026/09/29,83.70,2026/09/29
2026-09-29,A646,US025816CX59,USD,96.78,2026/09/29,94.54,2026/09/29
2026-09-29,A647,US025816DF35,USD,97.68,2026/09/29,94.85,2026/09/29
2026-09-29,A648,US29736RAS94,USD,100.29,2026/09/29,98.48,2026/09/29
2026-09-29,A649,US29736RAT77,USD,95.98,2026/09/29,93.07,2026/09/29
2026-09-29,A650,US29736RAU41,USD,89.12,2026/09/29,83.47,2026/09/29
2026-09-29,A651,US67066GAG91,USD,79.48,2026/09/29,75.45,2026/09/29
2026-09-29,A652,US67066GAH74,USD,69.15,2026/09/29,64.04,2026/09/29
2026-09-29,A654,US025816DB21,USD,101.58,2026/09/29,100.62,2026/09/29
2026-09-29,A655,US458140CA64,USD,93.30,2026/09/29,91.10,2026/09/29
2026-09-29,A656,US912810QN19,USD,95.27,2026/09/29,92.84,2026/09/29
2026-09-29,A658,US892331AQ26,USD,101.51,2026/09/29,99.79,2026/09/29
2026-09-29,A659,US892331AR09,USD,99.49,2026/09/29,96.95,2026/09/29
2026-09-29,A661,XS2577136109,USD,82.20,2026/09/29,76.84,2026/09/29
2026-09-29,A662,XS2577135127,USD,96.58,2026/09/29,93.82,2026/09/29
2026-09-29,A664,US20030NEC11,USD,94.17,2026/09/29,91.82,2026/09/29
2026-09-29,A665,US912810FJ26,USD,103.99,2026/09/29,102.57,2026/09/29
2026-09-29,A666,XS2522406839,AUD,101.88,2025/07/16,83.15,2026/09/29
2026-09-29,A667,US478160CF96,USD,86.60,2026/09/29,83.78,2026/09/29
2026-09-29,A668,US478160CM48,USD,73.40,2026/09/29,68.57,2026/09/29
2026-09-29,A669,US594918AM64,USD,98.88,2026/09/29,94.84,2026/09/29
2026-09-29,A670,US594918CA09,USD,82.39,2026/09/29,77.31,2026/09/29
2026-09-29,A671,US912810PU60,USD,100.25,2026/09/29,98.30,2026/09/29
2026-09-29,A672,US912810PX00,USD,95.45,2026/09/29,93.42,2026/09/29
2026-09-29,A673,US912810QE10,USD,94.72,2026/09/29,92.64,2026/09/29
2026-09-29,A674,US912810TM09,USD,85.68,2026/09/29,83.35,2026/09/29
2026-09-29,A675,US912810TU25,USD,89.14,2026/09/29,86.73,2026/09/29
2026-09-29,A676,US912810SF66,USD,69.23,2026/09/29,66.34,2026/09/29
2026-09-29,A677,US912810SN90,USD,45.94,2026/09/29,42.84,2026/09/29
2026-09-29,A678,US912810TN81,USD,75.94,2026/09/29,72.48,2026/09/29
2026-09-29,A681,XS2522359905,USD,95.89,2026/09/29,92.89,2026/09/29
2026-09-29,A682,US458140CF51,USD,100.24,2026/09/29,98.17,2026/09/29
2026-09-29,A683,US458140CG35,USD,98.10,2026/09/29,95.78,2026/09/29
2026-09-29,A684,US458140CH18,USD,92.25,2026/09/29,89.10,2026/09/29
2026-09-29,A685,XS2522266134,USD,86.93,2026/09/29,80.73,2026/09/29
2026-09-29,A686,US037833CX61,USD,99.95,2025/11/13,98.69,2026/09/29
2026-09-29,A687,US037833DB33,USD,99.86,2025/09/11,98.10,2026/09/29
2026-09-29,A688,US037833EH93,USD,95.72,2026/07/02,93.59,2026/09/29
2026-09-29,A689,US037833DP29,USD,94.11,2026/09/29,92.02,2026/09/29
2026-09-29,A690,US037833EJ59,USD,86.70,2026/09/29,84.53,2026/09/29
2026-09-29,A691,US037833EE62,USD,69.20,2026/09/29,65.37,2026/09/29
2026-09-29,A692,US037833BH21,USD,84.35,2026/09/29,79.43,2026/09/29
2026-09-29,A693,US037833BX70,USD,87.35,2026/09/29,82.63,2026/09/29
2026-09-29,A694,US037833DQ02,USD,64.30,2026/09/29,59.46,2026/09/29
2026-09-29,A695,US037833EG11,USD,55.87,2026/09/29,50.72,2026/09/29
2026-09-29,A696,US478160AN49,USD,106.09,2026/09/29,102.59,2026/09/29
2026-09-29,A697,US478160AV64,USD,91.42,2026/09/29,87.26,2026/09/29
2026-09-29,A698,US91282CGJ45,USD,96.07,2026/09/29,95.15,2026/09/29
2026-09-29,A699,US91282CFF32,USD,89.15,2026/09/29,87.82,2026/09/29
2026-09-29,A700,US912810TC27,USD,66.14,2026/09/29,63.92,2026/09/29
2026-09-29,A701,US912810SE91,USD,74.16,2026/09/29,71.26,2026/09/29
2026-09-29,A702,US912810TL26,USD,81.00,2026/09/29,77.81,2026/09/29
2026-09-29,A703,US912810TR95,USD,75.96,2026/09/29,72.42,2026/09/29
2026-09-29,A704,US912810TT51,USD,82.82,2026/09/29,79.28,2026/09/29
2026-09-29,A705,US594918BC73,USD,89.46,2026/09/29,86.67,2026/09/29
2026-09-29,A706,US594918CD48,USD,53.97,2026/09/29,48.87,2026/09/29
2026-09-29,A707,US91324PEQ19,USD,101.36,2026/09/29,99.21,2026/09/29
2026-09-29,A708,US91324PCQ37,USD,93.61,2026/09/29,90.85,2026/09/29
2026-09-29,A709,US91324PBK75,USD,109.22,2026/09/29,105.71,2026/09/29
2026-09-29,A710,US91324PDT66,USD,79.84,2026/09/29,76.21,2026/09/29
2026-09-29,A711,US91324PBU57,USD,87.19,2026/09/29,82.91,2026/09/29
2026-09-29,A712,US91324PCD24,USD,82.94,2026/09/29,78.40,2026/09/29
2026-09-29,A713,US91324PCR10,USD,86.19,2026/09/29,81.42,2026/09/29
2026-09-29,A714,US91324PDU30,USD,71.30,2026/09/29,66.43,2026/09/29
2026-09-29,A715,US91324PEK49,USD,82.84,2026/09/29,78.04,2026/09/29
2026-09-29,A716,US91324PES74,USD,96.29,2026/09/29,91.53,2026/09/29
2026-09-29,A717,US91324PEW86,USD,86.17,2026/09/29,81.41,2026/09/29
2026-09-29,A718,XS2711530076,AUD,91.96,2026/09/29,85.76,2026/09/29
2026-09-29,A719,XS2711531553,CNY,104.72,2025/08/04,98.80,2026/09/29
2026-09-29,A720,US92343VGW81,USD,89.72,2026/09/29,84.94,2026/09/29
2026-09-29,A721,XS2688994644,USD,104.64,2025/08/26,96.55,2026/09/29
2026-09-29,A722,XS2641755348,ZAR,108.91,2026/09/29,103.83,2026/09/29
2026-09-29,A724,US91282CJF95,USD,100.50,2026/09/29,99.70,2026/09/29
2026-09-29,A725,XS2548892020,USD,100.34,2026/09/29,97.85,2026/09/29
2026-09-29,A726,US025816CW76,USD,98.50,2026/09/29,96.89,2026/09/29
2026-09-29,A727,XS2688646368,USD,101.21,2026/09/29,98.30,2026/09/29
2026-09-29,A729,USU09513JV24,USD,102.39,2025/11/21,99.80,2026/09/29
2026-09-29,A730,USU09513JW07,USD,100.06,2026/09/29,98.24,2026/09/29
2026-09-29,A731,USU09513JX89,USD,98.51,2026/09/15,93.84,2026/09/29
2026-09-29,A732,USU5876JAS43,USD,95.48,2026/09/29,92.97,2026/09/29
2026-09-29,A733,USU9273AED38,USD,96.60,2026/09/29,94.05,2026/09/29
2026-09-29,A734,US89236TMF92,USD,100.60,2026/09/29,99.06,2026/09/29
2026-09-29,A736,XS2806380056,USD,96.83,2025/03/07,93.13,2026/09/29
2026-09-29,A737,US532457CK20,USD,99.97,2026/09/29,98.39,2026/09/29
2026-09-29,A738,US532457CF35,USD,97.39,2026/09/29,95.22,2026/09/29
2026-09-29,A739,US532457CL03,USD,96.25,2026/09/29,94.02,2026/09/29
2026-09-29,A740,US717081EW90,USD,92.98,2026/09/29,90.86,2026/09/29
2026-09-29,A741,US717081FB45,USD,86.09,2026/09/29,83.95,2026/09/29
2026-09-29,A742,US002824BG43,USD,94.40,2026/09/29,91.44,2026/09/29
2026-09-29,A743,US002819AC45,USD,105.04,2026/09/29,101.85,2026/09/29
2026-09-29,A744,US002824AV29,USD,103.98,2026/09/29,100.05,2026/09/29
2026-09-29,A745,US002824AY67,USD,97.36,2026/09/29,93.41,2026/09/29
2026-09-29,A746,US002824BN93,USD,89.44,2026/09/29,84.82,2026/09/29
2026-09-29,A747,XS2852920342,USD,101.21,2026/09/29,98.18,2026/09/29
2026-09-29,A748,XS2820408594,USD,106.92,2025/09/12,90.92,2026/09/29
2026-09-29,A749,US747525BS17,USD,100.77,2026/09/29,98.40,2026/09/29
2026-09-29,A750,AU3TB0000135,AUD,102.21,2025/12/08,99.76,2026/09/29
2026-09-29,A751,AU000XCLWAG2,AUD,97.98,2026/09/29,95.83,2026/09/29
2026-09-29,A752,AU3TB0000200,AUD,95.30,2026/09/29,93.14,2026/09/29
2026-09-29,A753,US298785KE52,USD,98.73,2026/09/29,96.50,2026/09/29
2026-09-29,A754,USJ6355LAD31,USD,98.97,2026/09/29,95.88,2026/09/29
2026-09-29,A755,XS2820406622,JPY,72.92,2026/09/29,68.91,2026/09/29
2026-09-29,A756,US904764BS55,USD,100.94,2026/09/29,99.34,2026/09/29
2026-09-29,A757,US904764AH00,USD,103.58,2026/09/29,101.36,2026/09/29
2026-09-29,A758,US904764BT39,USD,98.40,2026/09/29,96.13,2026/09/29
2026-09-29,A759,US904764BV84,USD,95.39,2026/09/29,93.13,2026/09/29
2026-09-29,A760,US713448FX12,USD,99.46,2026/09/29,97.93,2026/09/29
2026-09-29,A761,US713448FY94,USD,97.00,2026/09/29,94.69,2026/09/29
2026-09-29,A762,US713448FZ69,USD,92.79,2026/09/29,87.73,2026/09/29
2026-09-29,A763,US191216DR86,USD,99.10,2026/09/29,96.90,2026/09/29
2026-09-29,A764,US191216DY38,USD,96.99,2026/09/29,94.69,2026/09/29
2026-09-29,A765,US191216CT51,USD,96.33,2026/09/29,94.19,2026/09/29
2026-09-29,A766,US191216DS69,USD,92.59,2026/09/29,87.94,2026/09/29
2026-09-29,A767,US931142FD05,USD,94.74,2026/09/29,92.41,2026/09/29
2026-09-29,A768,US931142CB75,USD,99.62,2026/09/29,96.78,2026/09/29
2026-09-29,A769,US931142EC31,USD,80.00,2026/09/29,75.02,2026/09/29
2026-09-29,A770,US931142EZ26,USD,83.43,2026/09/29,78.43,2026/09/29
2026-09-29,A771,US65163LAD10,USD,,,93.53,2026/09/29
2026-09-29,A772,XS2476732966,USD,62.90,2026/09/29,58.89,2026/09/29
2026-09-29,A773,XS2476732701,USD,41.10,2026/08/14,33.78,2026/09/29
2026-09-29,A774,XS2888260564,USD,94.01,2026/09/29,91.05,2026/09/29
2026-09-29,A775,XS2688653224,USD,90.04,2026/09/29,85.94,2026/09/29
2026-09-29,A776,XS2688650550,USD,89.20,2026/09/29,83.80,2026/09/29
2026-09-29,A777,XS2919183793,USD,85.90,2026/09/29,81.89,2026/09/29
2026-09-29,A778,XS2814748393,USD,93.12,2026/09/29,88.32,2026/09/29
2026-09-29,A779,XS2814739137,USD,89.89,2026/09/29,83.49,2026/09/29
2026-09-29,A780,XS2814740903,CNY,103.32,2026/08/25,99.27,2026/09/29
2026-09-29,A781,XS2814745886,AUD,94.86,2026/09/29,90.76,2026/09/29
2026-09-29,A782,XS2747599509,USD,91.09,2026/09/29,85.92,2026/09/29
2026-09-29,A783,US742718GL74,USD,97.21,2026/09/29,94.16,2026/09/29
2026-09-29,A784,US742718GK91,USD,99.11,2026/09/29,97.41,2026/09/29
2026-09-29,A785,US742718GA10,USD,95.45,2026/09/29,93.20,2026/09/29
2026-09-29,A786,XS2522918221,ZAR,99.62,2026/03/25,97.90,2026/09/29
2026-09-29,A787,US883556DA77,USD,100.83,2026/09/29,99.27,2026/09/29
2026-09-29,A788,US883556CX89,USD,98.89,2026/09/29,96.19,2026/09/29
2026-09-29,A789,US883556DB50,USD,99.22,2026/09/29,96.40,2026/09/29
2026-09-29,A790,US883556CM25,USD,71.00,2026/09/29,66.98,2026/09/29
2026-09-29,A791,US883556CY62,USD,95.41,2026/09/29,90.83,2026/09/29
2026-09-29,A792,US717081EC37,USD,88.93,2026/09/29,85.96,2026/09/29
2026-09-29,A793,US717081EJ89,USD,87.51,2026/09/29,83.91,2026/09/29
2026-09-29,A794,US717081DK61,USD,84.76,2026/09/29,79.93,2026/09/29
2026-09-29,A795,US00287YDS54,USD,100.13,2026/09/29,98.53,2026/09/29
2026-09-29,A796,US00287YDT38,USD,99.45,2026/09/29,97.35,2026/09/29
2026-09-29,A797,US00287YDU01,USD,97.51,2026/09/29,95.30,2026/09/29
2026-09-29,A798,US00287YAR09,USD,93.21,2026/09/29,90.45,2026/09/29
2026-09-29,A799,US00287YCA55,USD,84.79,2026/09/29,81.35,2026/09/29
2026-09-29,A800,US30303M8M79,USD,99.83,2026/09/29,97.64,2026/09/29
2026-09-29,A801,US30303M8T23,USD,97.22,2026/09/29,95.10,2026/09/29
2026-09-29,A802,US30303M8N52,USD,96.64,2026/09/29,94.34,2026/09/29
2026-09-29,A803,US30303M8U95,USD,94.51,2026/09/29,91.72,2026/09/29
2026-09-29,A804,XS1449564605,USD,92.24,2026/09/29,87.64,2026/09/29
2026-09-29,A805,XS2958267200,USD,83.86,2026/09/29,79.76,2026/09/29
2026-09-29,A806,XS2814369455,USD,86.00,2026/09/29,80.69,2026/09/29
2026-09-29,A807,XS2879624281,USD,96.30,2026/09/29,91.90,2026/09/29
2026-09-29,A808,US65339KDG22,USD,100.86,2026/09/16,99.31,2026/09/29
2026-09-29,A809,US65339KCN81,USD,100.11,2026/09/29,97.99,2026/09/29
2026-09-29,A810,US65339KDK34,USD,99.55,2026/09/29,97.36,2026/09/29
2026-09-29,A811,US65339KCJ79,USD,97.91,2026/09/29,95.70,2026/09/29
2026-09-29,A812,US65339KCP30,USD,97.43,2026/09/29,95.13,2026/09/29
2026-09-29,A813,US65339KCU25,USD,98.09,2026/09/29,95.33,2026/09/29
2026-09-29,A814,US65339KDL17,USD,98.05,2026/09/29,95.33,2026/09/29
2026-09-29,A815,XS2822506759,USD,103.33,2026/03/06,97.51,2026/09/29
2026-09-29,A816,XS2822506833,USD,106.27,2026/03/06,94.65,2026/09/29
2026-09-29,A817,XS0468535637,USD,118.37,2026/03/06,102.05,2026/09/29
2026-09-29,A818,XS0615236188,USD,111.86,2026/03/06,95.08,2026/09/29
2026-09-29,A819,XS2684502623,USD,106.65,2026/03/06,95.11,2026/09/29
2026-09-29,A820,XS2850662631,USD,105.84,2026/03/06,94.48,2026/09/29
2026-09-29,A821,XS2397083820,USD,79.51,2026/03/06,67.22,2026/09/29
2026-09-29,A822,USU74079AN15,USD,101.24,2026/09/29,99.53,2026/09/29
2026-09-29,A823,USU74079AQ46,USD,99.88,2026/09/29,97.52,2026/09/29
2026-09-29,A824,US64110LAZ94,USD,96.87,2026/09/29,94.10,2026/09/29
2026-09-29,A826,US36164QNA21,USD,92.51,2026/09/29,89.45,2026/09/29
2026-09-29,A827,US23331ABS78,USD,95.74,2026/09/29,92.97,2026/09/29
2026-09-29,A828,US842587DT18,USD,100.63,2026/09/29,97.82,2026/09/29
2026-09-29,A829,US36962GXZ26,USD,107.51,2026/09/29,105.15,2026/09/29
2026-09-29,A830,US36962G3P70,USD,102.34,2026/09/29,99.18,2026/09/29
2026-09-29,A831,US478160DJ00,USD,99.89,2026/09/29,98.29,2026/09/29
2026-09-29,A832,US478160DL55,USD,99.18,2026/09/29,96.43,2026/09/29
2026-09-29,A833,US594918AD65,USD,99.38,2026/09/29,95.18,2026/09/29
2026-09-29,A834,XS2938582330,AUD,90.56,2026/09/29,85.16,2026/09/29
2026-09-29,A835,XS2820409055,CNY,103.76,2026/09/29,101.16,2026/09/29
2026-09-29,A836,XS2688665582,AUD,99.19,2026/09/29,96.09,2026/09/29
2026-09-29,A837,XS1791939066,USD,102.53,2026/03/06,95.72,2026/09/29
2026-09-29,A838,US084659AV35,USD,95.75,2026/09/29,93.65,2026/09/29
2026-09-29,A839,US59562VAM90,USD,102.93,2026/09/29,99.92,2026/09/29
2026-09-29,A840,US59562VAP22,USD,102.14,2026/09/29,98.56,2026/09/29
2026-09-29,A843,XS2814585407,CNY,104.70,2026/09/29,100.09,2026/09/29
2026-09-29,A844,XS2814579855,AUD,105.37,2025/09/16,88.17,2026/09/29
2026-09-29,A845,XS2482458671,USD,100.28,2026/03/23,95.19,2026/09/29
2026-09-29,A846,USU75000CK09,USD,99.74,2026/09/29,97.45,2026/09/29
2026-09-29,A847,USU75000CQ78,USD,95.63,2026/09/29,92.66,2026/09/29
2026-09-29,A848,USU75000CP95,USD,98.58,2026/09/29,96.84,2026/09/29
2026-09-29,A849,US26442UAU88,USD,96.46,2026/09/29,93.65,2026/09/29
2026-09-29,A850,US26442UAH77,USD,97.04,2026/09/29,95.50,2026/09/29
2026-09-29,A851,US57636QBC78,USD,94.41,2026/09/29,91.70,2026/09/29
2026-09-29,A852,US57636QBB95,USD,96.42,2026/09/29,94.18,2026/09/29
2026-09-29,A853,US57636QAZ72,USD,97.40,2026/09/29,94.71,2026/09/29
2026-09-29,A854,US57636QAW42,USD,100.79,2026/09/29,99.57,2026/09/29
2026-09-29,A855,XS1449536900,ZAR,105.48,2026/09/29,100.47,2026/09/29
2026-09-29,A856,US00287YAV11,USD,91.14,2026/09/29,88.10,2026/09/29
2026-09-29,A857,USU6408XAM12,USD,98.02,2026/09/29,94.90,2026/09/29
2026-09-29,A858,USU6408XAK55,USD,100.13,2026/09/29,98.32,2026/09/29
2026-09-29,A859,XS2814195447,USD,105.37,2025/09/12,87.82,2026/09/29
2026-09-29,A860,XS2647979181,EUR,97.44,2026/09/29,95.38,2026/09/29
2026-09-29,A861,XS0528414377,GBP,96.00,2026/09/29,92.13,2026/09/29
2026-09-29,A862,FR001400KJO0,EUR,97.64,2026/09/29,95.42,2026/09/29
2026-09-29,A863,FR001400QJ21,EUR,100.21,2026/09/29,98.14,2026/09/29
2026-09-29,A864,FR001400TSK0,EUR,96.49,2026/09/29,94.33,2026/09/29
2026-09-29,A865,XS2641758870,AUD,99.84,2026/09/29,96.43,2026/09/29
2026-09-29,A866,XS2820407356,AUD,106.54,2025/09/16,88.30,2026/09/29
2026-09-29,A867,XS3030091329,EUR,97.30,2026/09/29,95.06,2026/09/29
2026-09-29,A868,XS2185868051,EUR,80.63,2026/09/29,76.67,2026/09/29
2026-09-29,A869,XS2185867913,EUR,93.94,2026/09/29,91.85,2026/09/29
2026-09-29,A870,AU3SG0003163,AUD,95.93,2026/09/29,92.02,2026/09/29
2026-09-29,A871,AU3SG0002710,AUD,93.06,2026/09/29,89.95,2026/09/29
2026-09-29,A872,XS2909746401,EUR,93.38,2026/09/29,90.10,2026/09/29
2026-09-29,A873,XS2481694433,EUR,88.40,2026/09/29,82.29,2026/09/29
2026-09-29,A874,US02079KAL17,USD,93.82,2026/09/29,91.07,2026/09/29
2026-09-29,A875,US02079KAK34,USD,97.41,2026/09/29,95.27,2026/09/29
2026-09-29,A876,US95040QAD60,USD,99.67,2026/09/29,98.38,2026/09/29
2026-09-29,A877,US95040QAM69,USD,90.31,2026/09/29,88.19,2026/09/29
2026-09-29,A878,US92277GAN79,USD,98.97,2026/09/29,97.42,2026/09/29
2026-09-29,A879,US92277GBA40,USD,95.34,2026/09/29,92.57,2026/09/29
2026-09-29,A880,US90353TAP57,USD,94.73,2026/09/29,91.96,2026/09/29
2026-09-29,A881,US46647PEC68,USD,98.41,2026/09/29,95.71,2026/09/29
2026-09-29,A882,US606822DH40,USD,98.90,2026/09/29,96.21,2026/09/29
2026-09-29,A883,US46124HAF38,USD,101.15,2026/09/24,99.61,2026/09/29
2026-09-29,A884,US46124HAG11,USD,97.18,2026/09/29,94.89,2026/09/29
2026-09-29,A885,US00724PAG46,USD,97.00,2026/09/29,94.26,2026/09/29
2026-09-29,A886,US00724PAK57,USD,98.48,2026/09/29,95.54,2026/09/29
2026-09-29,A891,US60687YDJ55,USD,97.98,2026/09/29,94.80,2026/09/29
2026-09-29,A892,US45866FAW41,USD,95.36,2026/09/29,93.19,2026/09/29
2026-09-29,A893,US45866FAV67,USD,98.57,2026/09/29,97.04,2026/09/29
2026-09-29,A894,XS3088702512,USD,97.43,2026/09/29,93.43,2026/09/29
2026-09-29,A895,XS2990482411,GBP,87.58,2026/09/29,82.02,2026/09/29
2026-09-29,A896,XS2711530829,USD,93.13,2026/09/29,88.53,2026/09/29
2026-09-29,A897,US404280EN53,USD,,,98.36,2026/09/29
2026-09-29,A898,US60687YDH99,USD,,,97.61,2026/09/29
2026-09-29,A899,USJ7771YSY43,USD,,,96.18,2026/09/29
2026-09-29,A900,US06051GLH01,USD,,,95.87,2026/09/29
2026-09-29,A901,USH3698DCW23,USD,,,94.70,2026/09/29
2026-09-29,A902,US46647PDC77,USD,,,93.60,2026/09/29
2026-09-29,A903,XS3088245355,JPY,72.87,2026/09/29,68.11,2026/09/29
2026-09-29,A904,XS2125308168,USD,98.90,2026/03/06,91.48,2026/09/29
2026-09-29,A905,XS2492384818,USD,101.36,2026/03/06,92.22,2026/09/29
2026-09-29,A906,XS2155352664,USD,100.70,2026/03/06,94.00,2026/09/29
2026-09-29,A907,XS3060187799,AUD,95.27,2026/09/29,91.17,2026/09/29
2026-09-29,A908,XS3100013179,AUD,93.20,2026/09/29,88.20,2026/09/29
2026-09-29,A909,US49456BBB62,USD,100.54,2026/09/29,98.46,2026/09/29
2026-09-29,A910,US49456BAG68,USD,97.66,2026/09/29,94.89,2026/09/29
2026-09-29,A911,XS2589790018,EUR,91.44,2026/09/29,86.74,2026/09/29
2026-09-29,A912,XS2769892865,EUR,94.19,2026/09/29,91.04,2026/09/29
2026-09-29,A913,USN82008AF50,USD,84.63,2026/09/29,79.47,2026/09/29
2026-09-29,A914,US06051GMD87,USD,,,94.59,2026/09/29
2026-09-29,A915,XS1449469367,AUD,92.45,2026/09/29,88.44,2026/09/29
2026-09-29,A916,US449276AG99,USD,,,80.33,2026/09/29
2026-09-29,A920,USH42097FF95,USD,,,96.12,2026/09/29
2026-09-29,A921,XS3088731537,USD,92.60,2026/09/29,88.10,2026/09/29
2026-09-29,A922,US86562MEA45,USD,,,93.71,2026/09/29
2026-09-29,A923,US59022CAJ27,USD,,,97.80,2026/09/29
2026-09-29,A924,XS3034004351,USD,89.24,2026/09/29,84.73,2026/09/29
2026-09-29,A925,US459200HF10,USD,76.97,2026/09/29,74.20,2026/09/29
2026-09-29,A926,US459200KU40,USD,94.92,2026/09/29,92.66,2026/09/29
2026-09-29,A927,US532457BT48,USD,75.16,2026/09/29,72.08,2026/09/29
2026-09-29,A928,US532457DE50,USD,96.46,2026/09/29,93.69,2026/09/29
2026-09-29,A929,US023135AQ91,USD,87.16,2026/09/29,84.20,2026/09/29
2026-09-29,A931,US06051GEN51,USD,,,95.76,2026/09/29
2026-09-29,A932,US06051GMB22,USD,104.65,2025/10/01,94.22,2026/09/29
2026-09-29,A933,XS3117673999,AUD,91.42,2026/09/29,87.42,2026/09/29
2026-09-29,A934,US872898AD36,USD,76.96,2026/09/29,72.86,2026/09/29
2026-09-29,A935,XS1449431474,ZAR,31.29,2026/09/29,28.08,2026/09/29
2026-09-29,A936,XS2885079702,USD,97.58,2026/09/29,93.65,2026/09/29
2026-09-29,A937,XS3088248292,ZAR,92.51,2026/09/29,86.51,2026/09/29
2026-09-29,A938,XS3046322593,USD,95.57,2026/09/29,91.71,2026/09/29
2026-09-29,A939,XS3151416727,USD,95.84,2026/09/29,93.03,2026/09/29
2026-09-29,A940,US278062AH73,USD,93.97,2026/09/29,91.78,2026/09/29
2026-09-29,A941,US278062AE43,USD,83.41,2026/09/29,79.30,2026/09/29
2026-09-29,A942,XS3012958636,USD,91.85,2026/04/30,74.86,2026/09/29
2026-09-29,A943,MX0MGO0000J5,MXN,100.24,2026/01/30,92.02,2026/08/31
2026-09-29,A944,US036752BJ10,USD,95.71,2026/09/29,93.50,2026/09/29
2026-09-29,A945,US036752BK82,USD,94.84,2026/09/29,92.07,2026/09/29
2026-09-29,A946,US125523CY43,USD,97.31,2026/09/29,95.06,2026/09/29
2026-09-29,A947,US125523CZ18,USD,96.61,2026/09/29,93.93,2026/09/29
2026-09-29,A948,US125523AJ93,USD,91.48,2026/09/29,88.12,2026/09/29
2026-09-29,A949,US007903BF39,USD,93.60,2026/09/29,91.22,2026/09/29
2026-09-29,A950,US210385AD21,USD,103.33,2026/09/29,100.51,2026/09/29
2026-09-29,A951,US30161MAG87,USD,102.08,2026/09/29,98.09,2026/09/29
2026-09-29,A952,US30161MAN39,USD,95.67,2026/09/29,91.31,2026/09/29
2026-09-29,A953,US06051GJA85,USD,,,71.39,2026/09/29
2026-09-29,A954,XS3151526400,USD,83.99,2026/09/29,78.49,2026/09/29
2026-09-29,A955,US02079KAY38,USD,93.82,2026/09/29,90.97,2026/09/29
2026-09-29,A956,US02079KAZ03,USD,92.22,2026/09/29,87.43,2026/09/29
2026-09-29,A957,HK0001173357,CNY,103.00,2026/09/29,99.23,2026/09/29
2026-09-29,A958,US023135CV68,USD,93.15,2026/09/29,90.36,2026/09/29
2026-09-29,A959,US023135CT13,USD,96.25,2026/09/29,94.63,2026/09/29
2026-09-29,A960,US092914AC40,USD,101.20,2026/03/04,90.90,2026/09/29
2026-09-29,A961,US092914AB66,USD,101.20,2026/03/04,94.84,2026/09/29
2026-09-29,A962,XS1449445771,USD,46.50,2026/09/29,40.90,2026/09/29
2026-09-29,A963,AU0000300535,AUD,,,84.94,2026/09/29
2026-09-29,A964,US06051GGM50,USD,96.21,2025/12/23,85.01,2026/09/29
2026-09-29,A965,US61744YAR99,USD,96.89,2025/12/23,84.88,2026/09/29
2026-09-29,A968,US92343VHC19,USD,,,92.46,2026/09/29
2026-09-29,A969,US084664BU46,USD,86.21,2026/09/29,82.10,2026/09/29
2026-09-29,A970,US12189LAS07,USD,89.88,2026/09/29,85.33,2026/09/29
2026-09-29,A971,XS3216486657,USD,85.93,2026/09/29,80.82,2026/09/29
2026-09-29,A972,US92826CBA99,USD,95.94,2026/09/29,93.67,2026/09/29
2026-09-29,A973,US369604CA96,USD,95.96,2026/09/29,93.23,2026/09/29
2026-09-29,A974,XS3284470294,USD,93.24,2026/09/29,88.93,2026/09/29
2026-09-29,A975,US46647PDH64,USD,102.16,2026/06/16,99.48,2026/06/16
2026-09-29,A976,US06051GMA49,USD,104.76,2026/06/16,101.56,2026/06/16
2026-09-29,A977,US404280DH94,USD,103.46,2026/06/16,100.81,2026/06/16
2026-09-29,A978,USH42097DT18,USD,106.29,2026/06/16,103.62,2026/06/16
2026-09-29,A979,US30303MAD48,USD,93.20,2026/09/29,90.08,2026/09/29
2026-09-29,A980,US023135DF00,USD,94.46,2026/09/29,91.38,2026/09/29
2026-09-29,A981,US02079KBM80,USD,94.28,2026/09/29,91.26,2026/09/29
2026-09-29,A982,US404280EX36,USD,,,96.45,2026/09/29
2026-09-29,A983,USH42097EU71,USD,,,96.68,2026/09/29
2026-09-29,A984,US606822DL51,USD,,,96.07,2026/09/29
2026-09-29,A985,US61748UAF93,USD,,,95.49,2026/09/29
2026-09-29,A986,US67066GAT13,USD,94.64,2026/09/29,91.79,2026/09/29
2026-09-29,A987,US67066GAS30,USD,96.06,2026/09/29,93.84,2026/09/29
2026-09-29,A988,US67066GAR56,USD,96.86,2026/09/29,95.27,2026/09/29
2026-09-29,A989,US30303MAH51,USD,95.50,2026/09/29,92.58,2026/09/29
2026-09-29,A990,US30303MAF95,USD,96.80,2026/09/29,95.18,2026/09/29
2026-09-29,A991,XS1449255485,USD,98.80,2026/09/29,96.49,2026/09/29
2026-09-29,A992,XS3415204364,USD,97.30,2026/09/29,93.99,2026/09/29
2026-09-29,A993,XS3096123883,USD,,,98.76,2026/09/29
2026-09-29,A994,US023135EE26,USD,97.05,2026/09/29,94.12,2026/09/29
2026-09-29,A995,US007903BL07,USD,98.54,2026/09/29,96.62,2026/09/29
2026-09-29,A996,US007903BM89,USD,98.38,2026/09/29,95.85,2026/09/29
2026-09-29,A997,US007903BN62,USD,97.88,2026/09/29,95.00,2026/09/29
2026-09-29,A998,AU3CB0338739,AUD,101.70,2026/09/29,98.63,2026/09/29
2026-09-29,A999,AU3CB0338721,AUD,99.59,2026/09/29,97.60,2026/09/29
2026-09-29,H001,US105756CE88,USD,92.04,2026/09/29,89.48,2026/09/29
2026-09-29,H002,XS2405871570,USD,97.58,2026/09/29,95.37,2026/09/29
2026-09-29,H003,XS0880597603,USD,102.79,2026/03/06,87.14,2026/09/29
2026-09-29,H004,XS2226973522,USD,78.26,2026/03/06,63.18,2026/09/29
